ticker,country,industry,sector,dividend_rate,dividend_yield,EV/revenue,EV/ebitda,negative_EV/revenue,negative_EV/ebitda,ebitda_mean,ebitda_std,negative_ebitda,ebit_mean,ebit_std,negative_ebit,net_income_mean,net_income_std,negative_net_income,operating_income_mean,operating_income_std,negative_operating_income,gross_profit_mean,gross_profit_std,total_revenue_mean,total_revenue_std,gross_margin_last,gross_margin_mean,gross_margin_std,ebitda_margin_last,ebitda_margin_mean,ebitda_margin_std,ebit_margin_last,ebit_margin_mean,ebit_margin_std,net_margin_last,net_margin_mean,net_margin_std,roa,roa_mean,roa_std,roe,roe_mean,roe_std,assets_net_worth,assets_net_worth_mean,assets_net_worth_std,participation_of_third_party_capital,participation_of_third_party_capital_mean,participation_of_third_party_capital_std,debit_composition,debit_composition_mean,debit_composition_std,net_debt_ebitda,net_debt_ebitda_mean,net_debt_ebitda_std,general_liquidity,general_liquidity_mean,general_liquidity_std,current_liquidity,current_liquidity_mean,current_liquidity_std,dry_liquidity,dry_liquidity_mean,dry_liquidity_std
RRRP3,Brazil,Oil & Gas E&P,Energy,0.39,0.0168,1.703,4.84,0,0,4.1899,8.0192,0,-4.1914,3.3157,0,-55.1856,78.556,0,-4.6843,8.447,0,1.7732,0.9873,2.0642,0.5083,0.3128,-0.1019,0.2297,0.3395,0.6185,2.4385,0.2292,-2.0129,0.9955,0.0721,-24.8339,34.2959,0.0201,-31.9764,44.5665,0.0376,-36.758,51.7947,1.8674,0.1543,0.3676,0.8632,6.5567,7.0676,0.1057,2.8985,4.3251,3.9787,-5.7595,7.9004,2.1633,10.4301,15.9156,4.0321,15.7843,23.4676,3.2036,15.7723,23.477
ALOS3,Brazil,Real Estate Services,Real Estate,1.41,0.062800005,6.853,9.834,0,0,2.5717,3.3541,0,3.218,4.1522,0,6.9739,9.7357,0,0.7151,0.3338,0,0.6057,0.5287,0.6005,0.5941,0.6951,0.0172,0.0404,2.3411,0.8142,1.1304,2.0888,1.1037,1.4439,1.2488,2.5874,3.7753,0.1225,2.9178,4.0741,0.1554,2.764,3.8255,1.2691,0.0113,0.0571,0.2606,0.0847,0.2953,0.1121,0.1255,0.5829,0.9168,-0.2022,0.489,4.8705,-0.0147,0.1967,6.0088,0.0103,0.3634,,,
ALPA4,Brazil,Footwear & Accessories,Consumer Cyclical,,,1.305,-4.421,0,1,-1.3774,2.2568,0,-2.1294,3.4449,0,-4.4243,8.6645,0,-0.43,0.5769,0,-0.0081,0.1789,0.0694,0.1485,0.4007,-0.0779,0.0402,-0.4546,-1.6484,2.332,-0.5112,-2.5139,3.641,-0.4999,-5.3857,9.2159,-0.295,-6.837,10.5214,-0.4008,-7.7976,11.716,1.3587,0.0696,0.1067,0.319,3.876,5.5027,0.0858,-0.222,0.6589,-0.4407,-2.2821,2.4767,4.2591,0.4707,1.5791,25.1073,0.2529,0.5406,17.2785,0.2562,0.5883
ABEV3,Brazil,Beverages - Brewers,Consumer Defensive,0.73,0.056700002,2.374,8.171,0,0,0.0538,0.0364,0,0.0466,0.0405,0,0.0858,0.0596,0,0.0538,0.0295,0,0.0912,0.0692,0.1142,0.1021,0.5072,-0.0179,0.0337,0.3043,-0.0448,0.1045,0.2239,-0.0511,0.1057,0.1819,-0.0206,0.0637,0.1093,0.065,0.0597,0.1123,0.0613,0.0682,1.0271,-0.0041,0.009,0.0042,-0.1867,0.5467,0.2789,-0.304,0.1266,-0.5175,-0.0298,0.1582,244.6409,1.6587,2.3853,241.8194,3.6347,4.7653,181.7593,3.3816,4.316
ASAI3,Brazil,Grocery Stores,Consumer Defensive,,,0.445,6.98,0,0,0.0888,0.1364,0,0.1123,0.0646,0,-0.1695,0.2381,0,0.1413,0.0444,0,0.2233,0.022,0.2278,0.057,0.1627,-0.0024,0.031,0.0699,-0.1141,0.0996,0.0477,-0.09,0.0908,0.0107,-0.3164,0.2207,0.0164,-0.3599,0.2229,0.0377,-0.3663,0.1902,2.2956,0.0036,0.0787,0.8073,-0.0328,0.21,0.1393,-0.0049,0.5054,4.0673,0.3038,0.2127,2.8436,0.0664,0.1323,6.9106,0.678,1.3846,3.7598,0.5878,1.211
AZUL4,Brazil,Airlines,Industrials,,,1.72,21.765,0,0,1.5771,3.1659,0,-2.336,2.4043,0,0.2853,1.4241,1,0.4996,2.0295,0,-1.012,2.3934,0.4996,0.2443,0.2741,-0.8258,1.5097,0.2489,0.6785,1.9454,0.1194,-1.7878,1.5443,-0.1283,0.0545,1.2579,-0.1159,0.1679,1.299,0.4101,0.146,1.2972,-3.5372,-0.0097,0.1937,-1.9279,0.0295,0.1137,0.1266,0.1565,0.578,5.2913,-4.3475,5.7609,1.8347,-0.0466,0.0911,3.5605,-0.0889,0.3761,2.9963,-0.1106,0.3797
B3SA3,Brazil,Financial Data & Stock Exchanges,Financial Services,0.3,0.028299998,6.147,10.682,0,0,0.0566,0.102,0,0.0647,0.1202,0,0.0032,0.0997,0,-0.0267,0.0966,0,0.0005,0.0682,0.0341,0.0603,0.7578,-0.0329,0.0181,0.8897,0.0196,0.0379,0.7674,0.0264,0.0547,0.4634,-0.0315,0.0535,0.0836,-0.0225,0.0261,0.119,0.0371,0.0841,1.4237,0.0605,0.0698,0.4237,0.3411,0.4163,0.3364,1.1301,1.3138,1.6284,0.249,0.3132,3.3604,-0.1528,0.1824,3.8085,-0.0085,1.0236,,,
BBSE3,Brazil,Insurance - Diversified,Financial Services,2.78,0.08229999,6.241,6.503,0,0,,,,0.2624,0.1961,0,0.2931,0.2263,0,,,,,,0.1478,0.0923,,,,,,,1.8734,0.0942,0.0931,1.5679,0.1196,0.1215,,,,,,,,,,,,,,,,,,,,,,,,,,,
BBDC3,Brazil,Banks - Regional,Financial Services,0.71,0.0533,8.266,,0,,,,,,,,0.0169,0.331,0,,,,,,0.0749,0.1253,,,,,,,,,,0.1421,-0.0764,0.1919,0.0074,-0.0413,0.3215,0.0091,-0.0186,0.3275,1.2293,0.0209,0.032,,,,,,,,,,,,,,,,,,
BBDC4,Brazil,Banks - Regional,Financial Services,0.78,0.0511,8.567,,0,,,,,,,,0.0169,0.331,0,,,,,,0.0749,0.1253,,,,,,,,,,0.1421,-0.0764,0.1919,0.0074,-0.0413,0.3215,0.0091,-0.0186,0.3275,1.2293,0.0209,0.032,,,,,,,,,,,,,,,,,,
BRAP4,Brazil,Asset Management,Financial Services,2.15,0.11350001,452.128,,0,,,,,,,,1.1591,2.3675,0,,,,,,1.1216,2.3052,,,,,,,,,,0.9667,-0.0008,0.018,0.2404,2.0621,3.6573,0.2404,2.0623,3.6577,1.0001,0.0,0.0,,,,,,,,,,,,,,,,,,
BBAS3,Brazil,Banks - Regional,Financial Services,2.52,0.0943,6.696,,0,,,,,,,,0.4059,0.2258,0,,,,,,0.1713,0.0452,,,,,,,,,,0.2402,0.1985,0.1782,0.0156,0.2993,0.2039,0.0166,0.2772,0.2033,1.0679,-0.0169,0.0045,,,,,,,,,,,,,,,,,,
BRKM5,Brazil,Chemicals,Basic Materials,,,0.895,13.495,0,0,-4.6449,5.7028,0,-2.1871,1.5978,0,2.838,6.9737,0,0.0504,1.8477,0,0.1598,1.2021,0.1497,0.4688,0.0428,-0.2212,0.5701,0.0538,-2.8426,3.2885,-0.02,-1.7133,0.8821,-0.0649,4.786,9.0323,-0.0499,2.7206,6.7006,-0.1438,3.4167,7.2741,2.882,-0.0318,0.178,1.7585,-0.034,0.2667,0.0494,-0.0574,0.5686,12.0384,0.7036,1.2636,1.639,0.0361,0.1222,13.5264,1.8115,2.9436,9.0556,1.331,2.1838
BRFS3,Brazil,Packaged Foods,Consumer Defensive,,,0.987,9.258,0,0,-0.0065,0.3369,0,0.6248,1.6634,0,-3.2107,3.7776,0,-2.4198,2.6493,0,0.0022,0.1153,0.1114,0.0932,0.1648,-0.091,0.1383,0.0918,-0.082,0.3796,0.0316,0.5723,1.6929,-0.0378,-2.9632,3.3951,-0.0354,-3.1337,3.6521,-0.0606,-2.9679,3.3822,1.7119,-0.0513,0.0328,0.6007,-0.1236,0.0911,0.122,0.5702,0.805,2.9583,0.0924,0.3907,2.85,0.0898,0.0718,10.5856,-0.0792,0.4818,6.7799,0.0002,0.6041
BPAC11,Brazil,Capital Markets,Financial Services,1.19,0.0358,5.085,,0,,,,,,,,0.3657,0.1626,0,,,,,,0.5319,0.312,,,,,,,,,,0.3091,-0.0759,0.1813,0.0201,0.0785,0.0909,0.0218,0.0456,0.0954,1.0828,-0.0284,0.061,,,,,,,,,,,,,,,,,,
CRFB3,Brazil,Department Stores,Consumer Cyclical,0.47,0.0498,0.285,5.616,0,0,-0.0148,0.1672,0,-0.0845,0.2177,0,-0.5757,0.6734,0,-0.021,0.123,0,0.1471,0.1231,0.161,0.1152,0.1881,-0.0128,0.0083,0.0456,-0.1492,0.1422,0.0279,-0.2095,0.1936,-0.0072,-0.6435,0.6153,-0.0086,-0.6895,0.6108,-0.0138,-0.6674,0.6537,1.6061,0.0588,0.0173,0.5216,0.2013,0.1128,0.7852,0.0465,0.1022,4.589,0.4816,0.1489,3.079,-0.1121,0.0691,1.887,-0.1505,0.0912,1.3913,-0.1329,0.1046
BHIA3,Brazil,Specialty Retail,Consumer Cyclical,,,0.467,-26.808,0,1,0.2948,2.0658,0,-2.4608,0.9436,0,1.8437,3.4672,0,0.1021,1.729,0,-0.0509,0.053,0.0009,0.0553,0.2792,-0.0514,0.0283,-0.0315,0.2775,2.0733,-0.071,-2.5149,1.0274,-0.091,2.0259,3.7038,-0.082,2.1361,3.866,-0.1342,2.2218,4.0048,1.6363,-0.003,0.0272,0.4582,0.0046,0.0669,0.7585,0.0303,0.1933,-10.8451,0.7369,3.7147,3.5714,-0.005,0.0387,1.9647,-0.0953,0.2194,1.3241,-0.1092,0.1522
CCRO3,Brazil,Infrastructure Operations,Industrials,0.4,0.032899998,2.464,7.112,0,0,0.338,0.5031,0,0.8323,1.0211,0,2.3318,2.2678,0,0.6638,0.8094,0,0.4973,0.6958,0.2639,0.2373,0.4288,0.1229,0.3291,0.4115,0.021,0.2529,0.3284,0.3463,0.561,0.09,1.3849,1.4338,0.0312,1.7326,1.8383,0.0717,1.6041,1.6094,2.2986,-0.0197,0.1265,1.2979,-0.0241,0.2028,0.1416,0.0117,0.6784,3.3788,0.0462,0.4481,1.771,0.0206,0.0775,2.5168,0.2189,0.3451,,,
CMIG4,Brazil,Utilities - Diversified,Utilities,0.83,0.075,1.063,4.617,0,0,0.1618,0.2331,0,0.1822,0.2872,0,0.2697,0.1327,0,0.2433,0.4612,0,0.1643,0.1071,0.1424,0.1365,0.2275,0.0255,0.0912,0.2484,0.03,0.2428,0.2138,0.0479,0.2896,0.1564,0.1215,0.1426,0.1048,0.2642,0.1467,0.1288,0.212,0.1318,1.2294,-0.0404,0.0251,0.2198,-0.1682,0.0745,0.2675,0.5343,1.0145,0.9536,-0.2284,0.1488,5.5945,0.1608,0.0786,4.5129,0.0309,0.5308,,,
CIEL3,Brazil,Software - Infrastructure,Technology,0.36,0.0621,2.611,10.397,0,0,0.5174,0.7711,0,1.2837,1.9017,0,-1.7821,1.7533,0,4.131,6.2929,0,0.1737,0.092,-0.0163,0.0531,0.4709,0.2017,0.1611,0.5843,0.5899,0.8871,0.4982,1.4322,2.1191,0.1969,-1.8501,1.8589,0.0193,-1.6594,1.6713,0.0208,-1.6297,1.6636,1.0769,-0.0097,0.0209,0.0769,-0.0774,0.2414,0.6122,33.2961,46.8748,1.2368,0.2043,0.9908,14.0051,0.1532,0.3083,20.5551,-0.4371,0.3907,,,
COGN3,Brazil,Education & Training Services,Consumer Defensive,,,1.577,9.589,0,0,-0.3845,0.8722,0,0.311,1.135,0,-0.3009,0.4391,1,1.6884,2.8794,0,0.0456,0.1294,0.0387,0.1043,0.6373,0.0045,0.0428,0.3111,-0.4778,0.8557,0.1534,0.2068,1.0899,-0.0848,-0.3575,0.3998,-0.0196,-0.2553,0.4681,-0.0284,-0.2749,0.4502,1.4479,-0.0111,0.0308,0.2842,-0.0606,0.1192,0.2948,0.0368,0.2156,3.9527,-1.0554,1.1516,5.0939,0.0668,0.1121,3.4701,-0.0402,0.31,3.1425,-0.057,0.3108
CPLE6,Brazil,Utilities - Diversified,Utilities,0.22,0.0217,1.791,8.5,0,0,0.0225,0.5541,0,0.2062,0.9517,0,0.1748,0.7406,0,0.1744,0.9312,0,-0.0146,0.1419,-1.4926,1.0937,0.228,-1.1626,1.005,0.1844,-1.6272,0.7521,0.1201,-1.8279,0.7575,0.1052,-1.9088,0.8451,0.0405,0.0765,0.6523,0.0557,0.1066,0.6693,1.3753,0.0256,0.0078,0.3687,0.1088,0.0404,0.1271,-0.1927,0.1745,2.4228,0.6081,0.984,3.7306,-0.074,0.0262,7.2126,0.1966,0.1931,7.1207,0.1975,0.1942
CSAN3,Brazil,Oil & Gas Refining & Marketing,Energy,0.45,0.0382,2.431,8.161,0,0,0.2959,0.3701,0,0.3942,0.5425,0,1.8203,3.2132,0,0.3056,0.113,0,0.272,0.1657,0.265,0.2217,0.2766,0.0233,0.1476,0.3577,0.0706,0.3567,0.2724,0.1543,0.4734,0.0277,1.2843,2.5051,0.0078,1.4312,2.7266,0.0141,1.2786,2.5016,1.8004,-0.0583,0.0758,0.7325,-0.1148,0.145,0.0858,-0.0934,0.0845,3.3664,-0.0094,0.3749,2.4579,0.0781,0.0882,5.8599,0.0897,0.1984,5.4927,0.0832,0.2067
CPFE3,Brazil,Utilities - Regulated Electric,Utilities,5.02,0.154,1.621,5.106,0,0,0.2,0.069,0,0.2267,0.0949,0,0.1537,0.1059,0,0.3052,0.1399,0,0.2562,0.0772,0.0942,0.1236,0.3433,0.1564,0.0904,0.314,0.105,0.0865,0.2574,0.1271,0.0738,0.1391,0.0569,0.0211,0.0737,-0.0019,0.0246,0.1218,-0.0212,0.0693,1.6516,-0.0205,0.0513,0.6516,-0.0438,0.122,0.2587,0.0406,0.4159,2.0149,-0.0537,0.061,2.5348,0.0351,0.0834,2.3588,0.118,0.4742,2.339,0.1166,0.4716
CMIN3,Brazil,Steel,Basic Materials,1.04,0.175,1.649,4.081,0,0,0.0547,0.376,0,0.1013,0.4618,0,0.0844,0.4647,0,0.1121,0.4334,0,0.1165,0.3965,0.1668,0.3325,0.4789,-0.0689,0.0932,0.3557,-0.1193,0.1018,0.3005,-0.101,0.1856,0.189,-0.1136,0.1977,0.1202,-0.1105,0.281,0.1659,-0.0505,0.275,1.3802,0.0946,0.1339,0.3802,1.0157,0.9177,0.0544,0.5498,1.0652,-0.2407,-0.5109,1.5992,3.6301,-0.2919,0.3637,29.1736,0.2331,1.3733,27.0712,0.2583,1.4148
CVCB3,Brazil,Travel Services,Consumer Cyclical,,,0.971,35.487,0,0,-1.1219,0.5544,0,0.6397,2.0597,1,-0.2126,0.2815,1,-2.9214,2.9425,0,0.378,0.231,0.3246,0.1251,0.9024,0.0367,0.1273,0.0439,-1.0563,0.3969,-0.1086,0.3836,1.7654,-0.3189,-0.395,0.2441,-0.1133,-0.1385,0.3239,-0.144,-0.1503,0.359,1.2706,-0.0385,0.0702,0.249,-0.1284,0.2516,0.2044,0.5701,1.3953,5.9728,0.5845,2.1116,5.1023,0.1741,0.2487,14.2502,1.2629,2.0364,,,
CYRE3,Brazil,Residential Construction,Consumer Cyclical,1.44,0.066599995,1.686,10.93,0,0,-0.0378,0.307,0,-0.0424,0.3068,0,-0.1438,0.2642,0,0.2835,0.4044,0,0.1839,0.119,0.1793,0.0531,0.3268,0.0016,0.0593,0.2854,-0.1719,0.2863,0.2747,-0.1757,0.2861,0.1507,-0.2648,0.2446,0.0542,-0.2406,0.2786,0.0771,-0.2227,0.2743,1.4223,0.028,0.0165,0.4223,0.1111,0.0664,0.2725,0.1342,0.3199,2.7546,0.5459,0.7326,3.3681,-0.0722,0.0423,6.9503,-0.0909,0.2616,4.3169,-0.0551,0.2756
DXCO3,Brazil,Lumber & Wood Production,Basic Materials,0.22,0.026700001,1.646,8.29,0,0,0.359,0.7121,0,0.6623,1.448,0,0.7616,1.4639,0,0.4905,1.0545,0,0.1259,0.3079,0.0994,0.2164,0.3218,0.0098,0.0747,0.261,0.1869,0.4312,0.1032,0.3517,0.9487,0.1069,0.4525,0.9614,0.0441,0.5144,1.2505,0.0774,0.5625,1.2463,1.7563,0.0671,0.0491,0.6828,0.1999,0.1512,0.1571,-0.0008,0.2696,2.5586,0.355,0.7393,2.5721,-0.1021,0.0684,5.2638,-0.0798,0.224,3.9838,-0.0857,0.2351
ELET3,Brazil,Utilities - Renewable,Utilities,0.4,0.0107,3.865,10.772,0,0,0.0751,0.2953,0,0.0195,0.359,0,-0.0735,0.2499,0,2.58,3.6987,0,0.1402,0.1759,0.1459,0.1597,0.8513,-0.007,0.0147,0.3179,-0.078,0.1484,0.2205,-0.1352,0.2022,0.1224,-0.1834,0.2337,0.017,-0.1501,0.3305,0.0223,-0.1577,0.3452,1.3097,-0.0166,0.022,0.3086,-0.0546,0.089,0.2143,-0.0091,0.3407,4.2414,0.0428,0.3813,4.2434,0.0469,0.0719,3.5519,0.0461,0.3017,3.5203,0.0522,0.3095
ELET6,Brazil,Utilities - Renewable,Utilities,1.82,0.0433,4.137,11.533,0,0,0.0751,0.2953,0,0.0195,0.359,0,-0.0735,0.2499,0,2.58,3.6987,0,0.1402,0.1759,0.1459,0.1597,0.8513,-0.007,0.0147,0.3179,-0.078,0.1484,0.2205,-0.1352,0.2022,0.1224,-0.1834,0.2337,0.017,-0.1501,0.3305,0.0223,-0.1577,0.3452,1.3097,-0.0166,0.022,0.3086,-0.0546,0.089,0.2143,-0.0091,0.3407,4.2414,0.0428,0.3813,4.2434,0.0469,0.0719,3.5519,0.0461,0.3017,3.5203,0.0522,0.3095
EMBR3,Brazil,Aerospace & Defense,Industrials,,,1.597,19.479,0,0,-1.2467,2.7368,0,19.1285,28.9145,0,0.1081,2.1837,0,-0.6511,1.1338,0,0.2537,0.1815,0.1184,0.0323,0.1726,0.1263,0.1895,0.1107,-1.2511,2.4228,0.0649,16.8386,25.6301,0.0311,0.0471,2.0092,0.0152,0.1306,2.1724,0.021,-0.0228,1.9198,1.3824,-0.0754,0.0314,0.37,-0.2027,0.0792,0.044,-0.0594,0.5371,2.3195,-0.4843,0.6835,3.7356,0.1673,0.0776,47.6428,0.6683,0.7935,27.1031,0.5824,0.7065
ENGI11,Brazil,Utilities - Regulated Electric,Utilities,2.0,0.045900002,4.097,14.709,0,0,0.2643,0.3187,0,0.3435,0.4523,0,0.1584,0.4291,0,0.3729,0.3198,0,0.3007,0.1961,0.1266,0.128,0.2727,0.154,0.1085,0.278,0.1054,0.1509,0.2227,0.1638,0.2537,0.0664,0.0004,0.2501,0.0278,0.0033,0.3404,0.0532,0.0119,0.3016,1.9116,0.0215,0.0491,0.9092,0.0508,0.114,0.2134,-0.0307,0.3331,3.9292,-0.0089,0.25,2.1023,-0.0218,0.0566,2.4898,0.129,0.4875,2.4641,0.1287,0.4881
ENEV3,Brazil,Utilities - Diversified,Utilities,,,5.083,12.376,0,0,0.3403,0.2351,0,0.2539,0.2502,0,-0.312,0.3531,0,0.5735,0.8292,0,0.4133,0.4207,0.4742,0.1986,0.3678,-0.0568,0.1822,0.3653,-0.0955,0.0479,0.2056,-0.1573,0.0675,0.0216,-0.5476,0.2042,0.005,-0.423,0.3659,0.0109,-0.4135,0.3486,2.183,0.0731,0.0956,1.0031,0.0958,0.1211,0.1071,0.8062,0.4178,5.7696,0.4751,1.0285,2.1764,-0.0182,0.0289,2.8263,-0.4826,0.0857,2.4885,-0.4886,0.1065
EGIE3,Brazil,Utilities - Renewable,Utilities,1.32,0.0319,4.952,8.286,0,0,0.0316,0.2129,0,0.0478,0.2717,0,0.1833,0.4728,0,0.0211,0.0604,0,0.0291,0.0598,-0.0412,0.049,0.5503,0.0753,0.0731,0.6389,0.0873,0.2588,0.553,0.1066,0.3181,0.3186,0.2549,0.5231,0.0812,0.1269,0.4842,0.1592,0.0884,0.3711,1.9596,0.0127,0.1118,0.9596,0.0408,0.2224,0.1233,0.136,0.4128,2.2425,0.1308,0.3978,2.0421,-0.0027,0.1147,3.4957,0.051,0.5192,,,
EQTL3,Brazil,Utilities - Regulated Electric,Utilities,0.45,0.0138,1.848,7.556,0,0,0.144,0.1769,0,0.087,0.1852,0,0.0415,0.486,0,0.2171,0.2069,0,0.219,0.1346,0.3121,0.1616,0.2696,-0.0616,0.1223,0.2462,-0.1205,0.14,0.1842,-0.1688,0.1127,0.0526,-0.2401,0.3017,0.02,-0.1806,0.4363,0.0364,-0.1735,0.4241,1.8155,0.0275,0.0384,0.8137,0.0675,0.0915,0.1133,0.0325,0.6042,4.3151,0.2812,0.3341,2.2312,-0.0336,0.0452,5.3123,0.4214,0.9502,5.2865,0.4255,0.9603
EZTC3,Brazil,Real Estate - Development,Real Estate,0.29,0.0209,2.596,19.196,0,0,-0.0728,0.1422,0,-0.0858,0.161,0,-0.1487,0.1488,0,-0.2495,0.2014,0,-0.0466,0.1013,0.0531,0.0862,0.3173,-0.0865,0.1344,0.317,-0.1125,0.1598,0.2945,-0.125,0.1749,0.2211,-0.1845,0.1646,0.0407,-0.2092,0.138,0.0478,-0.1708,0.1155,1.1724,0.054,0.0383,,,,,,,2.3084,-10.477,15.0041,,,,,,,,,
FLRY3,Brazil,Diagnostics & Research,Healthcare,0.92,0.0616,1.524,6.817,0,0,0.2604,0.0602,0,0.2796,0.0974,0,0.206,0.2306,0,0.2591,0.1343,0,0.3011,0.1618,0.3019,0.1214,0.2689,-0.0029,0.0558,0.261,-0.0276,0.0451,0.1566,-0.0105,0.0984,0.0655,-0.0808,0.117,0.0366,-0.0505,0.2252,0.0577,-0.11,0.2446,1.5779,-0.0656,0.0722,0.3828,-0.1535,0.168,0.1097,-0.2372,0.0373,2.4983,-0.0693,0.0943,4.1216,0.1352,0.158,9.0997,0.324,0.1093,8.6617,0.3178,0.1128
GGBR4,Brazil,Steel,Basic Materials,0.88,0.0476,0.716,5.405,0,0,0.6372,1.2613,0,1.0385,1.8986,0,1.6478,2.759,0,0.6844,1.3778,0,0.6718,1.3056,0.2254,0.4075,0.1644,0.1804,0.5556,0.192,0.1651,0.5278,0.1478,0.3716,0.8977,0.1089,0.7165,1.3768,0.1002,1.3274,2.3125,0.1197,1.1102,2.0291,1.1945,-0.0532,0.0409,0.1742,-0.2275,0.1168,0.1646,0.3909,0.5415,0.6944,-0.0962,0.4769,6.8587,0.2484,0.1504,16.2425,0.0979,0.4414,7.7715,0.0616,0.5523
GOAU4,Brazil,Steel,Basic Materials,1.25,0.12109999,0.845,6.059,0,0,0.6399,1.2627,0,1.0428,1.9018,0,1.4078,2.3989,0,0.7116,1.4339,0,0.6718,1.3056,0.2254,0.4075,0.1644,0.1804,0.5556,0.1931,0.1674,0.5284,0.1489,0.3747,0.8987,0.0372,0.5895,1.1725,0.034,1.1487,2.0373,0.0406,0.9369,1.761,1.1935,-0.0564,0.0462,0.1732,-0.2357,0.1297,0.1646,0.1963,0.5325,0.6905,-0.1045,0.4811,6.8905,0.2642,0.1741,16.4329,0.3007,0.5281,7.9618,0.1997,0.5125
NTCO3,Brazil,Household & Personal Products,Consumer Defensive,0.74,0.0497,0.897,12.548,0,0,-0.8797,0.4145,0,-1.5692,2.1027,0,-2.7935,0.7014,0,0.0664,0.4753,0,-0.1002,0.0674,-0.1016,0.0275,0.6381,0.0004,0.051,-0.0038,-0.8554,0.4721,-0.0632,-1.599,2.2901,0.1112,-2.9925,0.752,0.0696,-2.9902,0.7396,0.0838,-2.9595,0.8911,1.2047,-0.0463,0.0921,0.1722,-0.124,0.3147,0.0268,-0.4344,0.3775,-34.6333,2.1421,3.9045,6.9943,0.2211,0.3778,97.5759,1.7959,0.7154,78.7324,1.8037,0.4721
HAPV3,Brazil,Insurance - Life,Financial Services,,,1.302,12.025,0,0,0.2047,0.2898,0,1.5391,3.0385,0,-0.9914,1.1176,0,5.9239,9.4079,0,0.3369,0.3839,0.5704,0.5887,0.2581,-0.1184,0.1435,0.1174,-0.1732,0.2581,0.0397,1.1691,2.6611,-0.027,-0.7576,0.6401,-0.0098,-0.7093,0.5687,-0.0123,-0.6646,0.5469,1.2465,-0.0061,0.1143,0.1912,0.1347,0.5853,0.1831,1.8526,2.3386,4.1784,0.6245,0.8157,6.5203,0.089,0.43,4.9894,-0.2898,0.4636,4.8384,-0.2841,0.4682
HYPE3,Brazil,Drug Manufacturers - Specialty & Generic,Healthcare,1.4,0.0544,2.975,9.161,0,0,0.2408,0.1506,0,0.2417,0.1706,0,0.0913,0.1322,0,0.2647,0.2054,0,0.2492,0.1622,0.2573,0.1649,0.6312,-0.0061,0.0064,0.3635,-0.0119,0.017,0.3334,-0.0133,0.0162,0.2082,-0.121,0.1255,0.0672,-0.0337,0.0719,0.1133,0.0112,0.0807,1.6848,0.0465,0.0359,0.6848,0.1369,0.1095,0.2149,0.5844,0.9454,2.5656,1.2267,1.6771,2.4603,-0.0738,0.059,3.7729,-0.3254,0.2746,2.7492,-0.3609,0.2781
IGTI11,Brazil,Real Estate Services,Real Estate,0.51,0.0238,24.169,32.911,0,0,0.445,0.7073,0,0.6783,0.9673,0,13.4732,18.28,0,0.2509,0.1795,0,0.2257,0.0108,0.1971,0.0536,0.6386,0.0263,0.0528,0.8323,0.2114,0.6093,0.6816,0.4097,0.8381,0.2633,11.6903,16.2168,0.0391,14.4816,19.8092,0.0689,15.2278,21.0339,1.761,-0.0436,0.091,0.761,-0.0763,0.2106,0.2064,0.4523,1.2174,3.4342,-0.0037,0.6617,2.3141,0.0649,0.1303,2.7925,0.3941,0.9717,2.7482,0.3887,0.9653
IRBR3,Brazil,Insurance - Reinsurance,Financial Services,,,-0.002,-0.012,1,1,,,,-0.1839,0.4806,1,-0.5428,0.1314,1,,,,,,-0.6372,0.5614,,,,,,,1.1533,-2.5387,3.9939,0.5682,-1.2751,1.9996,-0.008,-0.4803,0.1466,-0.0083,-0.4783,0.1523,1.0383,0.0001,0.0147,,,,,,,,,,,,,,,,,,
ITSA4,Brazil,Conglomerates,Industrials,0.12,0.0112,15.509,64.782,0,0,0.3048,0.3343,0,0.3145,0.3647,0,0.2782,0.3236,0,,,,,,-0.1799,0.2019,,,,2.2376,0.8172,0.9773,2.0783,0.8395,1.0267,1.8239,0.7816,0.9564,0.1278,0.1393,0.2702,0.1435,0.1564,0.2943,1.1228,0.011,0.025,,,,,,,0.3357,-0.0175,0.2466,,,,,,,,,
ITUB4,Brazil,Banks - Regional,Financial Services,0.21,0.006,6.537,,0,,,,,,,,0.2137,0.1442,0,,,,,,0.1419,0.0575,,,,,,,,,,0.2231,0.0596,0.0751,0.013,0.1269,0.175,0.0158,0.1411,0.1768,1.2161,0.0119,0.0181,0.2145,0.0842,0.1169,0.417,0.0271,0.0747,,,,,,,,,,,,
JBSS3,Brazil,Packaged Foods,Consumer Defensive,2.0,0.057600003,0.475,7.597,0,0,0.1283,0.6733,0,0.2091,0.9913,0,0.7683,2.0429,0,-0.1235,0.6268,0,0.0131,0.3699,0.1075,0.1748,0.1093,-0.1139,0.183,0.0497,-0.0477,0.4264,0.0202,-0.0162,0.6882,-0.0027,0.3622,1.5074,-0.0047,0.4396,1.5948,-0.0095,0.5892,1.8338,2.0305,0.0614,0.0849,0.9427,0.1502,0.2008,0.0422,0.2871,0.9492,4.7039,0.3644,0.5221,2.154,-0.0596,0.1013,19.4708,0.3893,1.0509,11.3001,0.3047,0.8902
KLBN11,Brazil,Paper & Paper Products,Basic Materials,1.35,0.0651,8.367,24.431,0,0,-99.1652,140.3354,0,-1.072,1.6143,0,-0.7108,1.121,0,0.2552,0.5093,0,0.1929,0.3615,0.1648,0.199,0.38,-0.0014,0.1488,0.495,-73.2783,103.625,0.3105,-0.9139,1.2588,0.1495,-0.6643,0.8878,0.0486,-0.7319,0.9644,0.1215,-0.781,0.8169,2.5004,-0.1087,0.084,1.4137,-0.1627,0.1282,0.0498,0.3529,0.6839,2.6568,-0.3257,0.5064,1.7687,0.0743,0.0659,10.5693,-0.0006,0.4831,8.8616,0.0018,0.5234
RENT3,Brazil,Rental & Leasing Services,Industrials,1.56,0.037,2.392,14.368,0,0,0.6569,0.1362,0,0.5587,0.2276,0,0.277,0.4767,0,0.4989,0.2096,0,0.4267,0.1539,0.438,0.269,0.2862,0.0552,0.3402,0.4065,0.1902,0.2153,0.2465,0.162,0.4218,0.0625,-0.0002,0.597,0.0223,-0.095,0.5062,0.0462,-0.1224,0.4742,2.0697,-0.0203,0.0205,1.0383,-0.0269,0.0488,0.178,0.1388,0.4623,3.3909,0.0395,0.2524,1.9934,0.0083,0.0312,2.4582,-0.0939,0.1483,,,
LREN3,Brazil,Department Stores,Consumer Cyclical,0.68,0.0367,1.383,12.396,0,0,0.0656,0.3371,0,0.0858,0.5802,0,0.1245,0.6516,0,0.2786,0.426,0,0.2513,0.1666,0.2288,0.1539,0.6023,0.0173,0.0122,0.1711,-0.1292,0.2588,0.0906,-0.1174,0.4513,0.0715,-0.0763,0.5127,0.0476,0.0795,0.7137,0.0617,0.0273,0.6871,1.2951,-0.0594,0.0302,0.1218,-0.2996,0.0736,0.5661,0.2853,0.6001,0.9151,0.2801,0.9385,10.634,0.3536,0.1019,11.1775,0.4784,0.9279,9.5509,0.4664,0.8845
LWSA3,Brazil,Software - Infrastructure,Technology,0.05,0.010199999,1.593,13.617,0,0,-0.1606,0.6069,0,-0.341,1.9702,0,-2.7337,0.7403,0,0.684,0.9469,0,0.4491,0.2495,0.3989,0.2048,0.4625,0.0329,0.0388,0.0112,-0.4306,0.4226,-0.0802,-0.6359,1.4921,-0.057,-2.3469,0.7378,-0.016,-2.5605,0.9971,-0.0163,-2.5484,1.0063,1.0171,-0.0304,0.0387,0.0,,,1.0,0.1636,0.231,-76.9408,4.6529,3.7426,76739.8,28.0375,29.7448,32506.55,28.2906,33.7054,,,
MGLU3,Brazil,Specialty Retail,Consumer Cyclical,,,0.344,28.213,0,0,-0.243,0.2693,0,2.4304,4.9524,0,-0.1249,1.2302,0,-0.2804,1.0026,0,0.1108,0.1054,0.0841,0.0931,0.2764,0.0281,0.0981,0.0129,-0.3032,0.2495,-0.0209,2.4302,4.9703,-0.0266,-0.1903,1.1791,-0.0261,-0.3037,1.1731,-0.0369,-0.2642,1.2009,1.4122,0.0553,0.054,0.2773,0.69,0.8742,0.4017,6.7688,10.7382,17.5952,1.4582,1.2679,5.0926,-0.2382,0.2654,6.8445,1.9796,2.4184,4.3068,1.9472,2.348
MRFG3,Brazil,Packaged Foods,Consumer Defensive,,,0.51,7.729,0,0,0.0241,0.336,0,-0.2446,0.5816,0,-0.3633,0.7226,0,-0.1797,0.6101,0,0.0791,0.281,0.2627,0.1689,0.1012,-0.1393,0.2166,0.0575,-0.1914,0.2469,0.0065,-0.4176,0.4595,-0.0115,-0.5513,0.5838,-0.0116,-0.6528,0.5967,-0.0203,-0.7351,0.5112,1.7491,-0.1926,0.0948,0.6925,-0.3176,0.1379,0.1486,-0.1447,0.1275,6.5315,0.3904,0.547,2.5259,0.2093,0.1327,6.761,0.3874,0.3291,5.0909,0.3701,0.4605
BEEF3,Brazil,Farm Products,Consumer Defensive,0.55,0.0726,0.479,5.076,0,0,0.0617,0.1275,0,0.0381,0.1418,0,-0.1353,0.1814,0,0.0571,0.1509,0,0.1358,0.124,0.1355,0.2131,0.205,0.0179,0.104,0.0924,-0.0067,0.3143,0.0733,-0.0262,0.3236,0.0157,-0.229,0.1369,0.0147,-0.2571,0.2215,0.0601,-0.2207,0.1209,4.0795,0.1092,0.2397,3.0755,0.1733,0.3704,0.176,0.0366,0.3297,3.5843,0.1373,0.1017,1.3265,-0.0282,0.084,4.7794,0.081,0.5115,4.2331,0.0561,0.4316
MRVE3,Brazil,Real Estate - Development,Real Estate,,,1.402,33.34,0,0,-0.0158,0.4277,0,0.0029,0.4909,0,-0.5292,0.7194,0,-0.9423,0.5262,0,-0.0072,0.2307,0.0409,0.0783,0.2271,-0.057,0.1556,0.0854,-0.0744,0.3736,0.0675,-0.0624,0.4342,-0.004,-0.573,0.6823,-0.0012,-0.5791,0.6412,-0.0017,-0.5865,0.6509,1.4556,0.0277,0.0551,,,,,,,11.724,0.8154,1.2372,,,,,,,,,
MULT3,Brazil,Real Estate Services,Real Estate,0.78,0.0299,8.436,11.45,0,0,0.1291,0.4052,0,0.1882,0.4969,0,0.1647,0.5142,0,0.1678,0.4752,0,0.2949,0.1027,0.2385,0.1137,0.8552,0.0467,0.0134,0.8109,-0.0997,0.2765,0.7271,-0.0561,0.3436,0.5028,-0.0713,0.3781,0.0884,0.1265,0.4969,0.1219,0.117,0.4919,1.3783,-0.0097,0.0089,0.3783,-0.0333,0.0307,0.1486,0.0563,0.0726,1.8283,0.2464,0.6221,3.6437,0.0252,0.0229,4.2203,-0.0185,0.1489,3.9177,-0.0383,0.154
PCAR3,Brazil,Department Stores,Consumer Cyclical,,,0.413,14.55,0,0,-0.1404,0.2249,0,-59.1821,82.3671,0,3.4524,6.1926,0,-1.1122,1.1173,0,0.0014,0.0915,0.0482,0.0585,0.2502,-0.0464,0.038,0.1135,-0.1888,0.1706,0.0544,-61.4005,85.5124,-0.118,3.0324,5.5818,-0.103,7.8559,12.4156,-0.182,10.9515,16.7848,1.7674,0.0779,0.2076,0.4227,0.3797,0.7703,0.1843,-0.0752,0.1991,3.0234,0.1034,0.1479,4.1809,-0.0459,0.3309,7.7397,0.3967,0.8563,5.7315,0.6844,1.1726
PETR3,Brazil,Oil & Gas Integrated,Energy,5.02,0.1244,1.576,3.491,0,0,0.6498,0.7767,0,1.7953,2.2958,0,5.647,7.6316,0,0.3339,0.4276,0,0.3632,0.3778,0.2897,0.3319,0.527,0.0497,0.0287,0.5107,0.2165,0.3396,0.381,0.939,1.3419,0.243,3.3939,4.754,0.1146,6.1006,8.4268,0.1611,5.458,7.5999,1.4053,-0.0532,0.0396,0.1865,-0.2621,0.0716,0.1501,0.2468,0.0585,0.9537,-0.2157,0.4946,7.5368,0.2902,0.0735,7.5069,0.06,0.166,5.7298,0.0412,0.1262
PETR4,Brazil,Oil & Gas Integrated,Energy,5.02,0.1364,1.485,3.288,0,0,0.6498,0.7767,0,1.7953,2.2958,0,5.647,7.6316,0,0.3339,0.4276,0,0.3632,0.3778,0.2897,0.3319,0.527,0.0497,0.0287,0.5107,0.2165,0.3396,0.381,0.939,1.3419,0.243,3.3939,4.754,0.1146,6.1006,8.4268,0.1611,5.458,7.5999,1.4053,-0.0532,0.0396,0.1865,-0.2621,0.0716,0.1501,0.2468,0.0585,0.9537,-0.2157,0.4946,7.5368,0.2902,0.0735,7.5069,0.06,0.166,5.7298,0.0412,0.1262
RECV3,Brazil,Oil & Gas E&P,Energy,2.0,0.1172,1.829,3.83,0,0,1.1424,0.9712,0,-4.9911,9.3545,0,0.657,3.621,0,1.1312,1.7768,0,0.9448,1.3909,0.7088,0.8282,0.319,0.0096,0.2833,0.5045,0.2817,0.4468,0.2919,-4.568,6.6017,0.2519,-0.5693,1.6069,0.1038,0.4368,2.3732,0.1205,0.4508,2.1276,1.1609,-0.1189,0.1581,0.1535,-0.2604,0.476,0.1581,2.0133,3.1565,0.5277,0.0993,1.2475,7.5629,0.6887,0.8125,8.0368,13.6647,19.0174,7.9853,13.6759,19.0377
PRIO3,Brazil,Oil & Gas E&P,Energy,0.07,0.0017,2.876,4.015,0,0,0.7986,0.0483,0,1.1939,0.3918,0,1.3422,0.6068,0,1.0731,0.3575,0,1.5213,1.0963,0.8757,0.3515,0.6433,0.2984,0.3395,0.7417,-0.0006,0.2182,0.5691,0.2044,0.2901,0.4351,0.2864,0.3955,0.183,0.4223,0.2419,0.2762,0.4403,0.4169,1.5094,-0.0039,0.1746,0.3942,0.0606,0.4821,0.1694,94.6609,133.1814,0.8175,-3.4963,4.1802,3.8293,0.0661,0.2944,4.2289,3037.1998,4296.5394,3.7085,3275.3906,4633.4023
PETZ3,Brazil,Specialty Retail,Consumer Cyclical,0.58,0.1167,1.019,13.826,0,0,0.211,0.1046,0,0.0757,0.184,0,-0.2392,0.3974,0,0.0248,0.2001,0,0.297,0.1505,0.3103,0.142,0.467,-0.0109,0.0085,0.152,-0.0733,0.0251,0.0502,-0.1829,0.0659,0.0052,-0.443,0.2444,0.0041,-0.4532,0.1803,0.0065,-0.5303,0.1308,1.5841,-0.0947,0.1862,0.1724,0.4658,1.6301,0.1082,-0.1619,0.509,2.9375,0.2267,0.5267,9.191,1.1327,1.516,29.3188,1.2648,0.8563,19.9759,1.2259,0.9342
RADL3,Brazil,Pharmaceutical Retailers,Healthcare,0.27,0.0105,1.384,17.342,0,0,0.1048,0.1395,0,0.3022,0.137,0,0.312,0.2015,0,0.2881,0.1687,0,0.2015,0.0302,0.192,0.0164,0.3004,0.0077,0.0118,0.0796,-0.0729,0.1183,0.0562,0.0915,0.1023,0.0311,0.1002,0.1584,0.0525,0.1663,0.225,0.081,0.1538,0.2077,1.5425,-0.0082,0.0131,0.2403,0.1037,0.2068,0.1931,0.2894,0.9001,2.4594,0.0733,0.1454,6.4185,-0.0684,0.177,19.1228,0.8035,1.6318,7.2184,0.8551,1.7865
RAIZ4,Brazil,Utilities - Renewable,Utilities,0.06,0.0223,0.34,5.189,0,0,1.1876,1.4727,0,0.766,0.974,0,0.3829,1.2775,0,0.8503,1.0139,0,0.6786,0.7316,0.4404,0.5189,0.0713,0.1424,0.1021,0.0733,0.3752,0.4402,0.0315,0.1596,0.2301,0.0024,-0.2237,0.523,0.0041,-0.3749,0.3319,0.0064,-0.3292,0.3718,1.5821,0.056,0.0372,0.4394,0.1102,0.1044,0.1743,0.5366,0.5744,2.002,0.0207,0.0216,3.6007,-0.04,0.1014,9.1033,-0.2749,0.2826,6.5462,-0.2619,0.2948
RDOR3,Brazil,Medical Care Facilities,Healthcare,0.63,0.021,1.569,9.868,0,0,0.4775,0.3212,0,0.5799,0.4061,0,1.0481,1.2158,0,0.5627,0.4801,0,0.4702,0.3235,0.5346,0.3701,0.1628,-0.0107,0.2338,0.1731,0.0095,0.2749,0.1408,0.0758,0.3193,0.0439,0.3504,0.8401,0.0226,0.7722,1.134,0.0388,0.7131,1.1688,1.7181,-0.1029,0.1355,0.6577,-0.1626,0.2361,0.0844,0.7588,0.8898,4.2842,-0.2331,0.1589,2.6121,0.1262,0.1946,14.7762,-0.065,0.6215,14.5344,-0.0609,0.6238
RAIL3,Brazil,Railroads,Industrials,0.09,0.0047999998,4.052,7.972,0,0,0.1605,0.0498,0,0.2301,0.0397,0,0.775,1.2192,0,0.3003,0.3683,0,0.2467,0.239,0.1674,0.1113,0.3748,0.0608,0.135,0.6082,0.0008,0.0806,0.4093,0.0612,0.0834,0.0658,0.4401,0.8734,0.0146,0.7978,1.3271,0.0309,0.6695,1.1165,2.1131,-0.023,0.0695,0.8139,-0.049,0.159,0.0715,-0.0849,0.3865,2.8113,-0.1221,0.0896,2.5963,0.0463,0.1137,7.5553,0.3314,0.6528,7.3964,0.3337,0.6572
SBSP3,Brazil,Utilities - Regulated Water,Utilities,1.44,0.015800001,2.919,7.485,0,0,0.3046,0.1509,0,0.4694,0.3121,0,0.6172,0.5395,0,0.1368,0.1863,0,0.1327,0.0926,0.1287,0.0263,0.3723,0.0022,0.0592,0.3502,0.1596,0.1616,0.2411,0.3087,0.3082,0.1378,0.4442,0.5161,0.0573,0.5188,0.5231,0.084,0.4991,0.514,1.4659,-0.0121,0.007,0.4551,-0.0346,0.0233,0.1309,-0.0494,0.2713,2.0879,-0.1922,0.1226,3.2209,0.0237,0.0172,3.1158,0.1854,0.3909,3.0814,0.1867,0.3885
SANB11,Brazil,Banks - Regional,Financial Services,1.61,0.056199998,5.406,,0,,,,,,,,-0.0871,0.2025,0,,,,,,0.1027,0.2781,,,,,,,,,,0.2364,-0.1581,0.1403,0.0085,-0.1286,0.2341,0.0097,-0.1072,0.254,1.1482,0.0204,0.0144,,,,,,,,,,,,,,,,,,
SMTO3,Brazil,Specialty Chemicals,Basic Materials,0.9,0.0348,2.189,3.786,0,0,0.2216,0.2166,0,0.2587,0.3453,0,0.2455,0.4001,0,0.1148,0.4477,0,0.0738,0.3419,0.1758,0.1185,0.2431,-0.1035,0.1966,0.5219,0.0408,0.1619,0.355,0.0707,0.2713,0.2142,0.0638,0.3429,0.0725,0.0392,0.2986,0.1119,0.026,0.2714,1.5436,-0.0053,0.0368,0.4954,-0.0067,0.0943,0.1677,0.0817,0.3995,1.9376,-0.0049,0.1521,3.1161,0.0074,0.063,5.6814,0.2053,0.5974,4.0123,0.3125,0.73
CSNA3,Brazil,Steel,Basic Materials,1.46,0.125,1.205,6.167,0,0,0.2234,0.8363,0,0.3261,1.1305,0,0.0509,1.5473,0,0.2164,0.8617,0,0.1732,0.6094,0.1813,0.2944,0.2633,-0.0684,0.2539,0.1889,-0.0675,0.4236,0.1146,-0.0318,0.6214,-0.007,-0.3452,0.9805,-0.0035,-0.1699,1.2331,-0.0069,-0.3869,0.9195,1.9925,-0.0336,0.1663,0.9694,-0.0241,0.3353,0.1636,0.1789,0.2633,3.4419,0.8528,1.6454,2.0554,0.0675,0.2269,4.5402,-0.0819,0.168,3.2283,-0.1244,0.0917
SLCE3,Brazil,Farm Products,Consumer Defensive,0.88,0.0519,2.119,8.477,0,0,0.443,0.5178,0,0.462,0.6058,0,0.3578,0.6101,0,0.5189,0.7069,0,0.4433,0.5169,0.3654,0.2925,0.2873,0.0284,0.1836,0.2772,0.0304,0.1884,0.2203,0.0352,0.2523,0.0982,-0.0464,0.2674,0.0565,0.0486,0.3214,0.1096,0.1202,0.3897,1.9407,0.0591,0.0608,0.5377,0.0706,0.193,0.3217,0.3192,0.3324,2.401,0.1837,0.3604,3.6091,0.0345,0.2581,5.2119,-0.2151,0.1174,1.5792,-0.0465,0.6031
SUZB3,Brazil,Paper & Paper Products,Basic Materials,4.65,0.0834,3.572,7.664,0,0,-0.9947,2.0265,0,-0.2101,1.4346,0,-0.1638,1.4444,0,0.2876,0.6407,0,0.1955,0.4838,0.1197,0.2336,0.3692,0.0209,0.2374,0.7394,-0.8182,1.6094,0.5553,-0.2298,1.1497,0.3543,-0.205,1.1541,0.0981,-0.2361,1.2773,0.2341,-0.4387,0.939,2.3862,-0.1727,0.0919,1.2824,-0.2422,0.1248,0.0617,0.3312,0.2739,2.5537,-0.4804,0.7376,1.8607,0.1024,0.0668,8.1057,-0.0057,0.1957,6.8559,0.0257,0.2103
TAEE11,Brazil,Utilities - Regulated Electric,Utilities,2.32,0.066599995,5.837,10.292,0,0,-0.094,0.1014,0,-0.0948,0.1021,0,-0.1411,0.1451,0,-0.0507,0.1768,0,-0.0416,0.1553,0.0045,0.218,0.631,-0.0242,0.1528,0.6638,-0.072,0.1341,0.6585,-0.0733,0.1318,0.4068,-0.1311,0.1099,0.0703,-0.2302,0.12,0.1403,-0.2062,0.103,1.9955,0.0367,0.046,0.9953,0.0842,0.1047,0.1189,0.3521,0.5912,3.7621,0.2947,0.1041,2.0051,-0.0387,0.0527,3.0364,0.0695,0.7789,,,
VIVT3,Brazil,Telecom Services,Communication Services,2.95,0.0538,1.891,6.028,0,0,0.0409,0.0468,0,0.0096,0.1404,0,0.0646,0.2915,0,0.1369,0.1026,0,0.0378,0.0688,0.0655,0.0316,0.4354,-0.027,0.038,0.3747,-0.022,0.0566,0.1177,-0.0516,0.1331,0.0965,0.0055,0.2929,0.0417,0.0266,0.276,0.0493,0.0389,0.278,1.1837,0.0132,0.0156,0.0504,0.4121,0.659,0.1164,-0.3251,0.3732,0.7365,0.2554,0.3659,23.4845,-0.1025,0.4057,32.1516,1.1261,1.845,30.7769,1.1244,1.8544
TIMS3,Brazil,Telecom Services,Communication Services,0.5,0.028099999,2.237,5.309,0,0,0.1423,0.0704,0,0.2687,0.3031,0,0.2936,0.5163,0,0.1626,0.161,0,0.1009,0.0451,0.115,0.0601,0.5176,-0.0117,0.0312,0.5207,0.0308,0.1178,0.2221,0.1558,0.33,0.119,0.1846,0.5027,0.0513,0.1948,0.5164,0.0723,0.1885,0.4758,1.4085,0.0162,0.0494,0.0961,0.1188,0.2692,0.3361,0.1109,0.6792,1.0435,0.1319,0.5346,14.6542,-0.0345,0.2379,8.9993,1.0084,1.8903,8.7375,1.0217,1.9155
TOTS3,Brazil,Software - Application,Technology,0.46,0.0161,3.427,18.64,0,0,0.2658,0.1743,0,0.3359,0.2358,0,0.3587,0.0923,0,0.2149,0.1104,0,0.2156,0.05,0.2021,0.0531,0.6973,0.0114,0.011,0.2676,0.0506,0.1155,0.2047,0.1089,0.1751,0.1634,0.1316,0.0807,0.0832,0.2286,0.4606,0.1037,0.2746,0.4506,1.2462,0.0554,0.0718,0.2228,3.278,4.6104,0.0553,-0.3738,0.5901,-1.151,0.0486,0.2974,5.5922,-0.2686,0.4797,44.7503,2.7488,4.7461,,,
TRPL4,Brazil,Utilities - Independent Power Producers,Utilities,2.2,0.090100005,3.735,7.647,0,0,-0.0278,0.1465,0,-0.0281,0.1483,0,-0.0322,0.2126,0,-0.0299,0.1634,0,0.1788,0.334,0.2075,0.2145,0.5967,-0.0417,0.1117,0.63,-0.1767,0.156,0.626,-0.177,0.1571,0.4571,-0.1793,0.2091,0.0791,-0.1457,0.1961,0.1066,-0.1189,0.1955,1.3479,0.0331,0.0454,0.3468,0.1817,0.247,0.07,0.7012,1.2927,2.3041,0.796,0.887,3.8864,-0.0981,0.1328,9.2456,1.1926,2.6796,,,
UGPA3,Brazil,Oil & Gas Refining & Marketing,Energy,0.65,0.0313,0.266,5.982,0,0,0.3744,0.2287,0,0.4861,0.3376,0,0.4748,0.4833,0,0.4964,0.3597,0,0.3307,0.121,0.2227,0.254,0.0739,0.1389,0.2514,0.0504,0.1949,0.3622,0.0413,0.2918,0.4179,0.0194,0.2664,0.4402,0.0638,0.4813,0.5791,0.0978,0.3215,0.4834,1.5327,-0.102,0.054,0.4717,-0.2189,0.112,0.1693,0.0534,0.4335,1.1589,-0.383,0.2343,3.2496,0.164,0.1048,9.356,0.3173,0.4849,7.203,0.3606,0.5718
USIM5,Brazil,Steel,Basic Materials,0.28,0.0463,0.467,11.841,0,0,0.7419,1.7853,0,1.1842,2.5331,0,3.8404,6.1169,0,1.3858,3.0145,0,0.4269,1.4412,0.3036,0.5629,0.0647,-0.1519,0.5713,0.1056,0.039,0.7174,0.0672,0.2107,1.0921,0.0503,1.5427,2.7714,0.0346,2.7471,4.5776,0.0427,2.5449,4.2856,1.2334,-0.0169,0.0322,0.2301,-0.0698,0.1441,0.2269,0.184,0.2716,1.0091,4.8163,7.4189,5.3597,0.0797,0.1475,10.5474,0.1122,0.5954,6.1401,0.0414,0.5379
VALE3,Brazil,Other Industrial Metals & Mining,Basic Materials,7.52,0.1241,1.56,3.894,0,0,0.356,0.9624,0,0.5319,1.2693,0,0.9535,1.8778,0,0.0142,0.4165,0,-0.0038,0.3692,0.0452,0.2431,0.4235,-0.0765,0.1352,0.3724,0.1749,0.5681,0.2989,0.2914,0.7973,0.1911,0.6079,1.2466,0.0848,0.993,1.9413,0.1032,0.945,1.8838,1.217,-0.0152,0.0122,0.1983,-0.0979,0.0952,0.0537,0.1899,0.8976,0.8476,0.6665,1.021,6.1379,0.1025,0.1038,22.6942,0.4083,0.7683,17.0097,0.3096,0.651
VAMO3,Brazil,Rental & Leasing Services,Industrials,0.34,0.0579,2.711,6.106,0,0,0.5875,0.2223,0,0.7721,0.4575,0,0.595,0.5603,0,0.8177,0.3672,0,0.7794,0.3269,0.6149,0.271,0.453,0.0991,0.046,0.4334,-0.0109,0.045,0.3374,0.0813,0.117,0.0965,-0.0441,0.2019,0.0282,-0.1167,0.1319,0.0646,-0.2085,0.0687,2.2887,-0.0693,0.2358,0.9128,0.0365,0.3877,0.0842,0.4175,1.1491,4.4053,0.0373,0.1951,2.5073,-0.0117,0.289,8.5298,1.3408,2.5231,6.1667,1.2976,2.553
VBBR3,Brazil,Specialty Retail,Consumer Cyclical,1.71,0.0757,0.212,3.972,0,0,0.307,0.7174,0,0.3691,0.8411,0,0.4519,1.166,0,0.293,0.4426,0,0.2489,0.204,0.2963,0.2935,0.0513,-0.0036,0.1886,0.0516,0.2213,0.9634,0.0482,0.3003,1.0997,0.0292,0.4263,1.4207,0.1096,0.3241,1.1359,0.1704,0.2602,0.9694,1.5549,0.0341,0.1155,0.5282,0.1621,0.3713,0.0913,-0.2437,0.2657,1.0536,0.4915,0.9873,2.9439,-0.0493,0.1929,17.4937,0.4622,0.4475,13.0801,0.4517,0.3648
WEGE3,Brazil,Specialty Industrial Machinery,Industrials,0.38,0.0068,6.778,31.643,0,0,0.3171,0.1341,0,0.345,0.1534,0,0.3558,0.1464,0,0.312,0.1244,0,0.2572,0.0165,0.2349,0.1096,0.3323,0.0253,0.0842,0.2267,0.0708,0.1061,0.2074,0.093,0.1138,0.1763,0.1044,0.136,0.182,0.1634,0.1189,0.2039,0.1636,0.0811,1.1207,0.0041,0.0433,0.1009,0.1086,0.458,0.7655,0.2754,0.1901,-0.4202,1.104,2.3921,11.1096,0.0354,0.317,9.9351,-0.1654,0.2505,6.6562,-0.1624,0.3138
YDUQ3,Brazil,Education & Training Services,Consumer Defensive,0.27,0.026700001,1.427,6.076,0,0,0.1901,0.1259,0,0.251,0.1738,0,-1.4576,1.7267,0,0.3097,0.1128,0,0.1342,0.0441,0.1022,0.0446,0.5965,0.0295,0.0257,0.3164,0.077,0.0754,0.1639,0.1304,0.1154,0.0296,-1.4188,1.5211,0.0164,-1.4844,1.6634,0.0368,-1.4421,1.6954,2.2409,0.0222,0.0357,0.8383,0.0224,0.0997,0.1629,0.5117,0.8357,2.8492,-0.1047,0.0606,2.6732,0.0055,0.0593,3.727,0.1297,0.9387,,,
