ticker;country;industry;sector;EV/revenue;EV/ebitda;gross_margin;gross_margin_mean;gross_margin_std;ebitda_margin;ebitda_margin_mean;ebitda_margin_std;ebit_margin;ebit_margin_mean;ebit_margin_std;net_margin;net_margin_mean;net_margin_std;roa;roa_mean;roa_std;roe;roe_mean;roe_std;general_liquidity;general_liquidity_mean;general_liquidity_std;current_liquidity;current_liquidity_mean;current_liquidity_std;dry_liquidity;dry_liquidity_mean;dry_liquidity_std;participation_of_third_party_capital;participation_of_third_party_capital_mean;participation_of_third_party_capital_std;net_debt_ebitda;net_debt_ebitda_mean;net_debt_ebitda_std;dividend_yield;dividend_rate;Grade
ADM;United States;Farm Products;Consumer Defensive;1.0;2.0;1.0;1.0;0.18946173063820124;2.0;2.0;0.16690695725062865;1.0;1.0;0.18700377222920783;2.0;2.0;0.19510952495050257;1.0;1.0;0.19438284317763682;2.0;2.0;0.19522494378291907;2.0;-2.0;0.17721518987341772;1.0;1.0;0.191585845955159;1.0;1.0;0.1913188430530559;1.0;1.0;0.1930648769574944;2.0;2.0;0.19949428033682964;1.0;1.0;35.08076880820505
NUE;United States;Steel;Basic Materials;1.0;2.0;1.0;1.0;-0.2;2.0;2.0;-0.15788767812238058;1.0;1.0;0.019112627986348135;2.0;2.0;0.14786435804633216;1.0;1.0;0.1311069006233353;2.0;2.0;0.1409506849177244;2.0;-2.0;0.17518987341772152;1.0;1.0;0.18869699234574203;1.0;1.0;0.18653303134233454;1.0;1.0;0.19333722400544695;2.0;2.0;0.1993923498019975;1.0;1.0;34.0242963643646
BLDR;United States;Building Products & Equipment;Industrials;1.0;2.0;1.0;1.0;0.17624347036111743;2.0;2.0;0.05492036881810561;1.0;1.0;0.15978085144602122;2.0;2.0;0.18318978019344997;1.0;1.0;0.18583518686327816;2.0;2.0;0.18990255705970835;2.0;-2.0;0.12563713080168776;1.0;1.0;0.18973979803889743;1.0;1.0;0.19074011113898523;1.0;1.0;0.17638362027040172;2.0;2.0;0.1983435468712488;;;32.8307164218629
MAS;United States;Building Products & Equipment;Industrials;1.0;0.0;1.0;1.0;0.15630252100840336;2.0;2.0;0.1191617770326907;1.0;1.0;0.17633375246991198;2.0;2.0;0.18235242190751227;1.0;1.0;0.1831595134140649;2.0;2.0;0.17865209801643;2.0;-2.0;0.1668185654008439;1.0;1.0;0.1445115349008122;1.0;1.0;0.13859399514396334;1.0;1.0;0.17160782025094837;2.0;2.0;0.1987820775966681;1.0;1.0;32.81627607714225
TXT;United States;Aerospace & Defense;Industrials;1.0;0.0;1.0;1.0;0.1423120599591188;2.0;2.0;0.10960603520536463;1.0;1.0;0.15388898868331238;2.0;2.0;0.1855606138945988;1.0;1.0;0.18698849438449078;2.0;2.0;0.1893310796194846;2.0;-2.0;0.1680675105485232;1.0;1.0;0.13085338465901897;1.0;1.0;0.13149379048461;1.0;1.0;0.18939791849041923;2.0;2.0;0.19917210118654027;1.0;1.0;32.78667197711548
IPG;United States;Advertising Agencies;Communication Services;1.0;2.0;1.0;1.0;0.146082216670452;2.0;2.0;0.08486169321039395;1.0;1.0;0.15097000179629963;2.0;2.0;0.18371943453094067;1.0;1.0;0.18608122580113684;2.0;2.0;0.1886449042423145;2.0;-2.0;0.14562025316455696;1.0;1.0;0.18902984821700922;;;;1.0;1.0;0.18520571928800703;2.0;2.0;0.19863295092995228;1.0;1.0;32.65884824785107
SNA;United States;Tools & Accessories;Industrials;0.0;0.0;1.0;1.0;0.19173290937996823;2.0;2.0;0.19520536462699078;1.0;1.0;0.19924555415843365;2.0;2.0;0.1993896364301298;1.0;1.0;0.1979240464618173;2.0;2.0;0.19863368597918335;2.0;-2.0;0.1701940928270042;1.0;1.0;0.18819628150402337;1.0;1.0;0.18853141206933197;1.0;1.0;0.19204357552767243;2.0;2.0;0.19933695989721734;1.0;1.0;32.12043351886177
URI;United States;Rental & Leasing Services;Industrials;0.0;0.0;1.0;1.0;0.17360890302066773;2.0;2.0;0.18702430846605198;1.0;1.0;0.19245554158433628;2.0;2.0;0.19536174130168862;1.0;1.0;0.19766043331411157;2.0;2.0;0.19874033493809834;2.0;-2.0;0.18386497890295359;1.0;1.0;0.19445989407834066;1.0;1.0;0.19449251119655542;1.0;1.0;0.19191712868398017;2.0;2.0;0.19989839721608374;1.0;1.0;32.109484172702864
TGT;United States;Discount Stores;Consumer Defensive;1.0;2.0;1.0;-1.0;0.14898932545991372;2.0;2.0;0.08606873428331935;1.0;1.0;0.1584336267289384;2.0;2.0;0.18729334022724695;1.0;1.0;0.18911717055221464;2.0;2.0;0.19024665087054732;2.0;-2.0;0.1729620253164557;1.0;1.0;0.19468732775243802;1.0;0.0;0.1961338854486888;1.0;1.0;0.18706351522225467;2.0;2.0;0.1969528997352592;1.0;1.0;31.907948501597275
BG;United States;Farm Products;Consumer Defensive;1.0;2.0;1.0;1.0;0.07472178060413356;2.0;2.0;0.09096395641240569;1.0;1.0;0.16946290641278966;2.0;2.0;0.19065033986153324;1.0;1.0;0.19078672048768433;2.0;2.0;0.19213614846339983;2.0;-2.0;0.15267510548523205;1.0;-1.0;0.19891741571129662;1.0;0.0;0.19906515279048326;1.0;1.0;0.1870343351814026;2.0;2.0;0.19945495022692655;1.0;1.0;31.845868811637285
STLD;United States;Steel;Basic Materials;1.0;2.0;1.0;1.0;-0.03347717465364522;2.0;2.0;0.003118189438390623;1.0;1.0;0.12002874079396444;2.0;2.0;0.17411503587777596;1.0;1.0;0.16391136007908397;2.0;2.0;0.17149454430207817;2.0;-2.0;0.1589535864978903;1.0;-1.0;0.19873457687525756;1.0;0.0;0.19847715261046503;1.0;1.0;0.18910611808189867;2.0;2.0;0.19801022418982023;1.0;1.0;31.54247235409298
MOS;United States;Agricultural Inputs;Basic Materials;1.0;2.0;1.0;1.0;-0.09298205768794005;2.0;2.0;0.032791282481139994;1.0;1.0;0.05205676306807977;2.0;2.0;0.1864030165075602;1.0;1.0;0.18153609577944368;2.0;2.0;0.18408717043207923;2.0;-2.0;0.15662447257383966;1.0;-1.0;0.19942508334775236;1.0;0.0;0.19933910134358665;1.0;1.0;0.18720941542651495;2.0;2.0;0.19637441936876815;1.0;1.0;31.482864762640826
SYY;United States;Food Distribution;Consumer Defensive;1.0;0.0;1.0;1.0;0.1941403588462412;2.0;2.0;0.1915842414082146;1.0;1.0;0.19555415843362675;2.0;2.0;0.19020896124695766;1.0;1.0;0.18583958041573992;2.0;2.0;0.1888702756271915;2.0;-2.0;0.18244725738396625;1.0;1.0;0.19262561919932647;1.0;1.0;0.19255580008528586;1.0;1.0;0.1893784651298512;0.0;2.0;0.19972436147976264;1.0;1.0;31.102929079256164
OMC;United States;Advertising Agencies;Communication Services;1.0;2.0;1.0;1.0;0.15675675675675677;2.0;2.0;0.16777870913663034;1.0;1.0;0.19025507454643437;2.0;2.0;0.19524572178014302;1.0;1.0;0.19553395392261858;2.0;2.0;0.1961867966576619;2.0;-2.0;0.18943459915611816;1.0;-1.0;0.19969372265221558;1.0;-1.0;0.199671511266513;1.0;1.0;0.19598288104270015;2.0;2.0;0.1986880130838166;1.0;1.0;31.085227740001606
FCX;United States;Copper;Basic Materials;1.0;2.0;1.0;1.0;-0.06749943220531451;2.0;2.0;0.08858340318524727;1.0;1.0;0.14786240344889529;2.0;2.0;0.15478769688638916;1.0;1.0;0.1413878133838592;2.0;2.0;0.14877227931966017;2.0;-2.0;0.16637974683544304;1.0;-1.0;0.19925276889349505;1.0;-1.0;0.19938811621157848;1.0;1.0;0.18929092500729502;2.0;2.0;0.19723705977930894;1.0;1.0;30.565442780745858
HUBB;United States;Electrical Equipment & Parts;Industrials;0.0;-2.0;1.0;1.0;0.1542584601408131;2.0;2.0;0.1551718357082984;1.0;1.0;0.1863571043650081;2.0;2.0;0.1971045562883842;1.0;1.0;0.1977021720624983;2.0;2.0;0.19771610248361282;2.0;-2.0;0.16232911392405064;1.0;1.0;0.18523161666990726;1.0;1.0;0.18568035087516047;1.0;1.0;0.1839704308919366;2.0;2.0;0.1991901274869125;1.0;1.0;30.004711870896582
HPE;United States;Communication Equipment;Technology;1.0;2.0;1.0;-1.0;0.17869634340222576;2.0;2.0;0.10846605196982398;1.0;1.0;0.13381534039877852;2.0;2.0;0.17910639746774787;1.0;1.0;0.18143943762528492;2.0;2.0;0.18301263186489794;2.0;-2.0;0.1691476793248945;1.0;-1.0;0.19927096358742286;1.0;0.0;0.19922324801924235;1.0;1.0;0.18645073436436146;2.0;2.0;0.1990210080143293;1.0;1.0;29.91764983603901
MO;United States;Tobacco;Consumer Defensive;-1.0;2.0;1.0;1.0;0.1919600272541449;2.0;2.0;0.04754400670578374;1.0;1.0;0.15834381174779955;2.0;2.0;0.18117457154747343;1.0;1.0;0.1836823461570146;2.0;2.0;0.18501079066117326;2.0;-2.0;0.17545991561181434;1.0;-1.0;0.19983696127205886;1.0;0.0;0.19974316209172285;1.0;1.0;0.17364069643030836;2.0;2.0;0.1986326231790364;1.0;1.0;29.895028912658333
WAB;United States;Railroads;Industrials;0.0;-2.0;1.0;1.0;0.18628208039972746;2.0;2.0;0.18199497066219614;1.0;1.0;0.19709897610921503;2.0;2.0;0.19742739321790234;1.0;1.0;0.19829969519729798;2.0;2.0;0.1984908166191274;2.0;-2.0;0.1959493670886076;1.0;1.0;0.01461765277745572;1.0;1.0;0.02038777890016874;1.0;1.0;0.19869662484194148;2.0;2.0;0.1999010192234106;1.0;1.0;29.78914637503705
LYB;United States;Specialty Chemicals;Basic Materials;1.0;2.0;1.0;1.0;0.03751987281399047;2.0;2.0;0.06997485331098072;1.0;1.0;0.13300700556852885;2.0;2.0;0.17954273175529972;1.0;1.0;0.16716039212455724;2.0;2.0;0.17696382487436052;2.0;-2.0;0.13657383966244724;1.0;-1.0;0.19899804317850603;1.0;0.0;0.19904394272033407;1.0;1.0;0.18204454819570082;0.0;2.0;0.1985736280141818;1.0;1.0;29.679402682218885
MDT;Ireland;Medical Devices;Healthcare;0.0;0.0;1.0;1.0;0.1866454689984102;2.0;2.0;0.17371332774518022;1.0;1.0;0.18972516615771512;2.0;2.0;0.19402499464040257;1.0;1.0;0.1940028008896944;2.0;2.0;0.1948848744610958;2.0;-2.0;0.18585654008438818;1.0;1.0;-0.02707334780584475;1.0;1.0;-0.014424006234691228;1.0;1.0;0.19469895924520964;0.0;2.0;0.19946806026356093;1.0;1.0;29.67152283844512
COST;United States;Discount Stores;Consumer Defensive;1.0;-2.0;1.0;-1.0;0.1844651374063139;2.0;2.0;0.1885666387259011;1.0;1.0;0.19761990299982038;2.0;2.0;0.1987439625710935;1.0;1.0;0.19884229892632563;2.0;2.0;0.19892747367732655;2.0;-2.0;0.17920675105485231;1.0;1.0;0.19069983571261662;1.0;1.0;0.19195710575225122;1.0;1.0;0.19507829977628638;2.0;2.0;0.19497164544889176;1.0;1.0;29.119079052051678
MSI;United States;Communication Equipment;Technology;-1.0;-2.0;1.0;1.0;0.1759709289121054;2.0;2.0;0.1639899413243923;1.0;1.0;0.18761451410095203;2.0;2.0;0.19776284096497979;1.0;1.0;0.19871049235247276;2.0;2.0;0.1994124246037136;2.0;-2.0;0.1949367088607595;1.0;1.0;0.1965080458006825;1.0;1.0;0.19670281438916112;1.0;1.0;0.1963135881723568;2.0;2.0;0.19927993123785787;1.0;1.0;29.107202230719434
ETN;Ireland;Specialty Industrial Machinery;Industrials;-1.0;-2.0;1.0;1.0;0.18855325914149446;2.0;2.0;0.14883487007544008;1.0;1.0;0.18224357822884857;2.0;2.0;0.1968800837358286;1.0;1.0;0.197374852404097;2.0;2.0;0.19759738005765082;2.0;-2.0;0.19814345991561183;1.0;1.0;0.19534037456096384;1.0;1.0;0.19526855023377865;1.0;1.0;0.19951366598579906;2.0;2.0;0.19964602901087233;1.0;1.0;29.099396103350387
PCAR;United States;Farm & Heavy Construction Machinery;Industrials;1.0;0.0;1.0;1.0;0.1566659096070861;2.0;2.0;0.16449287510477786;1.0;1.0;0.19480869409017426;2.0;2.0;0.19818152010794862;1.0;1.0;0.19852596314907875;2.0;2.0;0.1988972900097091;2.0;-2.0;0.18751054852320675;1.0;-1.0;0.19984980458541965;1.0;-1.0;0.19984243947889174;1.0;1.0;0.19487403949032198;2.0;2.0;0.19988823693769212;1.0;1.0;29.093537321084305
TEL;Ireland;Electronic Components;Technology;1.0;0.0;1.0;1.0;0.17728821258233024;2.0;2.0;0.15993294216261525;1.0;1.0;0.18692293874618288;2.0;2.0;0.19031993644147951;1.0;1.0;0.19273306422824507;2.0;2.0;0.19345215637152072;2.0;-2.0;0.1840337552742616;1.0;-1.0;0.19938548313155657;1.0;-1.0;0.1992622816777522;1.0;1.0;0.19425153195214476;2.0;2.0;0.19997083016848857;1.0;1.0;29.07755313273658
HCA;United States;Medical Care Facilities;Healthcare;1.0;2.0;1.0;1.0;0.2;2.0;2.0;0.13984911986588433;1.0;1.0;0.1776809771869948;2.0;2.0;0.19048639923326233;1.0;1.0;0.190793310816377;2.0;2.0;0.190226528425469;2.0;-2.0;0.18764556962025317;1.0;-1.0;0.19948858639714737;1.0;-1.0;0.19945174642202604;1.0;1.0;0.1852348993288591;0.0;2.0;0.1994185698752662;1.0;1.0;29.06027570717154
APH;United States;Electronic Components;Technology;-1.0;-2.0;1.0;1.0;0.19890983420395186;2.0;2.0;0.19792120704107294;1.0;1.0;0.19872462726782827;2.0;2.0;0.19975030581232583;1.0;1.0;0.19827553065875828;2.0;2.0;0.19810446567362403;2.0;-2.0;0.17539240506329112;1.0;1.0;0.14820791183778897;1.0;1.0;0.15190892859291236;1.0;1.0;0.19086664721330612;2.0;2.0;0.19923994562612307;1.0;1.0;29.05730180899098
LKQ;United States;Auto Parts;Consumer Cyclical;1.0;2.0;1.0;1.0;0.19277765160118102;2.0;2.0;0.1574518021793797;1.0;1.0;0.18430034129692835;2.0;2.0;0.19209301739031742;1.0;1.0;0.19105253041162096;2.0;2.0;0.19240780147195688;2.0;-2.0;0.162126582278481;1.0;-1.0;0.198835896347326;1.0;-1.0;0.19886267682670614;1.0;1.0;0.18149012741951173;0.0;2.0;0.19887024259303415;1.0;1.0;29.050268669816443
ALB;United States;Specialty Chemicals;Basic Materials;1.0;2.0;1.0;-1.0;-0.005269134680899373;2.0;2.0;-0.1946018440905281;1.0;1.0;-0.04056942698042035;2.0;2.0;0.08704742928484055;1.0;1.0;0.04495812395309884;2.0;2.0;0.059889427164294795;2.0;-2.0;0.10599156118143459;1.0;1.0;-0.2;1.0;1.0;-0.20000000000000007;1.0;1.0;0.1766754206789223;0.0;2.0;0.19046867561590544;1.0;1.0;29.02459023212665
WST;United States;Medical Instruments & Supplies;Healthcare;-1.0;-2.0;1.0;1.0;0.15780149897796958;2.0;2.0;0.1471248952221291;1.0;1.0;0.18133644691934617;2.0;2.0;0.19372737934600304;1.0;1.0;0.19259027377323779;2.0;2.0;0.19345819310504422;2.0;-2.0;0.16634599156118143;1.0;1.0;0.18149492599932576;1.0;1.0;0.1814574080848688;1.0;1.0;0.19330804396459492;2.0;2.0;0.19917996720852088;1.0;1.0;28.987825024162223
ATO;United States;Utilities - Regulated Gas;Utilities;-1.0;0.0;1.0;1.0;0.13581648875766522;2.0;2.0;0.14943839061190278;1.0;1.0;0.1846865457158254;2.0;2.0;0.19723823095451282;1.0;1.0;0.1993365735782739;2.0;2.0;0.1998048122827405;2.0;-2.0;0.16881012658227848;1.0;1.0;0.1740185122091748;1.0;1.0;0.16763075941408517;1.0;1.0;0.18924229160587494;0.0;2.0;0.19959948838082037;1.0;1.0;28.965622220093156
CTSH;United States;Information Technology Services;Technology;1.0;0.0;1.0;-1.0;0.1848285260049966;2.0;2.0;0.17247275775356244;1.0;1.0;0.19094664990120352;2.0;2.0;0.19512213576806187;1.0;1.0;0.1951209599912129;2.0;2.0;0.19559519677235984;2.0;-2.0;0.18869198312236288;1.0;1.0;0.1966266680699176;;;;1.0;1.0;0.1973348896021788;2.0;2.0;0.19463570076013634;1.0;1.0;28.911375467745994
J;United States;Engineering & Construction;Industrials;1.0;0.0;1.0;1.0;0.14617306382012266;2.0;2.0;0.16955574182732608;1.0;1.0;0.1918268367163643;2.0;2.0;0.18900336708828835;1.0;1.0;0.19594255430156246;2.0;2.0;0.1956515396185791;2.0;-2.0;0.15534177215189873;1.0;-1.0;0.19926275813722014;;;;1.0;1.0;0.18374671724540417;2.0;2.0;0.1989649626077174;1.0;1.0;28.825469313514485
CTVA;United States;Agricultural Inputs;Basic Materials;1.0;0.0;1.0;1.0;0.18673631614808087;2.0;2.0;0.05039396479463537;1.0;1.0;0.1041853781210706;2.0;2.0;0.17945193386887273;1.0;1.0;0.1800269105088283;2.0;2.0;0.18170467293480833;2.0;-2.0;0.13637130801687763;1.0;-1.0;0.19952747309593422;1.0;-1.0;0.1995718774075769;1.0;1.0;0.16107382550335572;2.0;2.0;0.19900789797769491;1.0;1.0;28.778051558377737
CARR;United States;Building Products & Equipment;Industrials;1.0;-2.0;1.0;-1.0;0.17188280717692483;2.0;2.0;0.0013746856663872653;1.0;1.0;0.14125202083707564;2.0;2.0;0.18049106523575925;1.0;1.0;0.1833066974215339;2.0;2.0;0.1858478843764306;2.0;-2.0;0.15048101265822783;1.0;1.0;0.1967452903391527;1.0;1.0;0.19578240428621652;1.0;1.0;0.1715202801283922;2.0;2.0;0.1987158719116646;1.0;1.0;28.777400020037764
CMCSA;United States;Telecom Services;Communication Services;1.0;2.0;1.0;1.0;0.19323188734953442;2.0;2.0;0.09917854149203688;1.0;1.0;0.15238009700017963;2.0;2.0;0.1737997654387934;1.0;1.0;0.1787901254908422;2.0;2.0;0.18140484850314165;2.0;-2.0;0.17735021097046413;1.0;-1.0;0.19974759321659002;;;;1.0;1.0;0.18968971889893982;0.0;2.0;0.19890531194103106;1.0;1.0;28.744478100301553
PHM;United States;Residential Construction;Consumer Cyclical;1.0;2.0;1.0;1.0;0.17469906881671587;2.0;2.0;0.17575859178541492;1.0;1.0;0.1937398958146219;2.0;2.0;0.19826979583086374;1.0;1.0;0.1968498228849164;2.0;2.0;0.19749878007676716;;;;;;;;;;;;;2.0;2.0;0.19888564688607954;1.0;1.0;28.33570160209538
AOS;United States;Specialty Industrial Machinery;Industrials;1.0;0.0;1.0;1.0;0.17397229161935046;2.0;2.0;-0.10387259010896899;1.0;1.0;0.09652416022992637;2.0;2.0;0.1808466902909316;1.0;1.0;0.1826784194195019;2.0;2.0;0.1857533088845626;2.0;-2.0;-0.12050632911392409;1.0;-1.0;0.1997447391469543;1.0;-1.0;0.19973834972286547;1.0;1.0;0.13476315533508415;2.0;2.0;0.19608206555182195;1.0;1.0;28.325724260978102
JBL;United States;Electronic Components;Technology;1.0;2.0;1.0;1.0;0.17397229161935046;2.0;2.0;0.15362950544844928;1.0;1.0;0.17966588827016347;2.0;2.0;0.1870486903665965;1.0;1.0;0.19053409122113302;2.0;2.0;0.19081209157724757;;;;;;;;;;;;;2.0;2.0;0.1996335744760697;1.0;1.0;28.275296132979012
LEN;United States;Residential Construction;Consumer Cyclical;1.0;2.0;1.0;1.0;0.10642743583920056;2.0;2.0;0.1263704945515507;1.0;1.0;0.18019579665888272;2.0;2.0;0.1922872239807307;1.0;1.0;0.1924123348985364;2.0;2.0;0.19381234813842232;;;;;;;;;;;;;2.0;2.0;0.1973874974496882;1.0;1.0;28.188893131517013
RSG;United States;Waste Management;Industrials;0.0;-2.0;1.0;1.0;0.1911424029071088;2.0;2.0;0.1862531433361274;1.0;1.0;0.19536554697323513;2.0;2.0;0.19758628951914955;1.0;1.0;0.19784935606996734;2.0;2.0;0.198235261566633;2.0;-2.0;0.1929789029535865;1.0;1.0;0.18091180389687536;1.0;1.0;0.18096886352790303;1.0;1.0;0.19630386149207277;0.0;2.0;0.1997981054358309;1.0;1.0;28.117393537678492
ALLE;Ireland;Security & Protection Services;Industrials;0.0;0.0;1.0;1.0;0.17828753122870772;2.0;2.0;0.15497066219614417;1.0;1.0;0.18601580743668045;2.0;2.0;0.1935054289569593;1.0;1.0;0.19286487080209794;2.0;2.0;0.19365941755582725;2.0;-2.0;0.17022784810126582;1.0;-1.0;0.1991826658080674;1.0;-1.0;0.1992328727569571;1.0;1.0;0.18311448302694291;2.0;2.0;0.19864442221200734;1.0;1.0;28.049706010081653
CAT;United States;Farm & Heavy Construction Machinery;Industrials;0.0;0.0;1.0;1.0;0.16502384737678857;2.0;2.0;0.14058675607711651;1.0;1.0;0.17623495599065925;2.0;2.0;0.19088237890462442;1.0;1.0;0.1911777466567812;2.0;2.0;0.19238365453786294;2.0;-2.0;0.19540928270042193;1.0;-1.0;0.19995308623036268;1.0;-1.0;0.2;1.0;1.0;0.19790876373893593;2.0;2.0;0.19949493583866135;1.0;1.0;28.049055408052215
EMN;United States;Specialty Chemicals;Basic Materials;1.0;2.0;1.0;-1.0;0.15157846922552806;2.0;2.0;0.14967309304274937;1.0;1.0;0.18173163283635713;2.0;2.0;0.19437557536855116;1.0;1.0;0.19180822143504409;2.0;2.0;0.19300141360176679;2.0;-2.0;0.18369620253164556;1.0;-1.0;0.19894649154571062;1.0;0.0;0.1988159790252012;1.0;1.0;0.19288979671238207;0.0;2.0;0.19943495742105916;1.0;1.0;28.035951832745994
UPS;United States;Integrated Freight & Logistics;Industrials;1.0;0.0;1.0;1.0;0.15434930729048377;2.0;2.0;-0.2;1.0;1.0;-0.016570864020118536;2.0;2.0;0.10988561988473715;1.0;1.0;0.11829969519729798;2.0;2.0;0.13526609418310423;2.0;-2.0;0.14845569620253163;1.0;-1.0;0.1993152016667767;;;;1.0;1.0;0.17905845734850698;2.0;2.0;0.19764412641680576;1.0;1.0;28.025703334170124
CHD;United States;Household & Personal Products;Consumer Defensive;0.0;-2.0;1.0;-1.0;0.1813763343175108;2.0;2.0;0.08871751886001676;1.0;1.0;0.1616849290461649;2.0;2.0;0.18773471884182252;1.0;1.0;0.18848230222148998;2.0;2.0;0.19034927534044666;2.0;-2.0;0.1691139240506329;1.0;1.0;0.18816934622183615;1.0;1.0;0.18880464767890093;1.0;1.0;0.18792918976753237;2.0;2.0;0.19856838399952806;1.0;1.0;27.930930570345883
ON;United States;Semiconductors;Technology;0.0;0.0;1.0;1.0;0.1444923915512151;2.0;2.0;0.14129086336965632;1.0;1.0;0.1310580204778157;2.0;2.0;0.1757468756699497;1.0;1.0;0.17289837163961888;2.0;2.0;0.17904649793996472;2.0;-2.0;0.17228691983122363;1.0;-1.0;0.19733269354605668;1.0;1.0;0.1971733571218826;1.0;1.0;0.19124598774438287;2.0;2.0;0.1963052639255219;;;27.89887724281729
EMR;United States;Specialty Industrial Machinery;Industrials;0.0;-2.0;1.0;1.0;0.19282307517601638;2.0;2.0;0.1462531433361274;1.0;1.0;0.1766301419076702;2.0;2.0;0.16230626631524525;1.0;1.0;0.1697569816294588;2.0;2.0;0.1761891107388459;2.0;-2.0;0.11642194092827003;1.0;1.0;0.19528079585731795;1.0;1.0;0.19484880472788504;1.0;1.0;0.17953506468242392;2.0;0.0;0.18643176758527055;1.0;1.0;27.896477092884528
MMC;United States;Insurance Brokers;Financial Services;0.0;-2.0;1.0;1.0;0.1928684987508517;2.0;2.0;0.1692539815590947;1.0;1.0;0.1903538710256871;2.0;2.0;0.19561647981638652;1.0;1.0;0.1935810198533652;2.0;2.0;0.193910948119306;2.0;-2.0;0.16081012658227847;1.0;1.0;0.17430213537922562;;;;1.0;1.0;0.18559478649936778;2.0;2.0;0.19954508172878777;1.0;1.0;27.85583692931435
TT;Ireland;Building Products & Equipment;Industrials;0.0;-2.0;1.0;1.0;0.18510106745400864;2.0;2.0;0.18853310980720872;1.0;1.0;0.19639841925633197;2.0;2.0;0.19522806663556;1.0;1.0;0.19467940796880578;2.0;2.0;0.1953859233435455;2.0;-2.0;0.18811814345991562;1.0;-1.0;0.19879362044084675;1.0;0.0;0.19884663559718155;1.0;1.0;0.19586616087929193;2.0;2.0;0.19963619648339656;1.0;1.0;27.136586751326092
HON;United States;Conglomerates;Industrials;0.0;-2.0;1.0;1.0;0.1795593913240972;2.0;2.0;0.16341994970662196;1.0;1.0;0.19003053709358722;2.0;2.0;0.1972634525896314;1.0;1.0;0.19784056896504382;2.0;2.0;0.19817489423139809;2.0;-2.0;0.17178059071729956;1.0;-1.0;0.1999537997477716;1.0;0.0;0.19990785204817538;1.0;1.0;0.18924229160587494;2.0;2.0;0.19955950276908557;1.0;1.0;27.08673283079859
DIS;United States;Entertainment;Communication Services;1.0;0.0;1.0;1.0;0.18337497161026575;2.0;2.0;0.16844928751047777;1.0;1.0;0.18065385306269086;2.0;2.0;0.186027214144293;1.0;1.0;0.18716643325919216;2.0;2.0;0.18788226357384688;2.0;-2.0;0.17937552742616034;1.0;-1.0;0.199197649673655;1.0;-1.0;0.19919401733433087;1.0;1.0;0.19301624355607433;0.0;2.0;0.1996519285273578;1.0;1.0;27.063989389678344
CF;United States;Agricultural Inputs;Basic Materials;0.0;2.0;1.0;1.0;-0.013536225300931154;2.0;2.0;0.12700754400670577;1.0;1.0;0.15746362493263877;2.0;2.0;0.18530335321638905;1.0;1.0;0.17202625147595904;2.0;2.0;0.17651911883813004;;;;;;;;;;;;;2.0;2.0;0.19644947432849985;1.0;1.0;27.00123314149739
KDP;United States;Beverages - Non-Alcoholic;Consumer Defensive;0.0;0.0;1.0;-1.0;0.18237565296388827;2.0;2.0;0.12013411567476949;1.0;1.0;0.1747350458056404;2.0;2.0;0.18981045941208372;1.0;1.0;0.1909075431803828;2.0;2.0;0.1917397362953573;2.0;-2.0;0.16772995780590716;1.0;1.0;0.19205141606448772;0.0;1.0;0.1916954554751167;1.0;1.0;0.18869759750996987;0.0;2.0;0.19912162754549798;1.0;1.0;26.988998607733098
CTRA;United States;Oil & Gas E&P;Energy;0.0;2.0;1.0;1.0;-0.025346354758119444;2.0;2.0;0.12740989103101424;1.0;1.0;0.14184479971259206;2.0;2.0;0.18097532063003646;1.0;1.0;0.1719603481890326;2.0;2.0;0.1756478169662396;;;;;;;;;;;;;2.0;2.0;0.19838648224122632;1.0;1.0;26.97087830401202
SYK;United States;Medical Devices;Healthcare;-1.0;-2.0;1.0;1.0;0.19323188734953442;2.0;2.0;0.18752724224643755;1.0;1.0;0.19536554697323513;2.0;2.0;0.19832276126461282;1.0;1.0;0.19890161188455943;2.0;2.0;0.19948687765050332;2.0;-2.0;0.18551898734177216;1.0;1.0;0.10603243293382307;1.0;1.0;0.10179612755807481;1.0;1.0;0.19440715883668905;0.0;2.0;0.19947494303279395;1.0;1.0;26.960065577072033
DELL;United States;Computer Hardware;Technology;1.0;0.0;1.0;1.0;0.17560754031342268;2.0;2.0;0.10595138306789606;1.0;1.0;0.16582539967666607;2.0;2.0;0.1874320592203993;1.0;1.0;0.1838471043743307;2.0;2.0;0.1861597822751443;2.0;-2.0;0.17043037974683545;1.0;-1.0;0.1998119881627462;1.0;-1.0;0.19985117303718847;1.0;1.0;0.18685925493629027;0.0;2.0;0.1980305447466035;1.0;1.0;26.959806609557525
TMUS;United States;Telecom Services;Communication Services;0.0;0.0;1.0;1.0;0.16284351578469228;2.0;2.0;0.13022632020117353;1.0;1.0;0.14663193820729298;2.0;2.0;0.1714087544295497;1.0;1.0;0.17584424856523054;2.0;2.0;0.17657747392885711;2.0;-2.0;0.18555274261603374;1.0;-1.0;0.19955458675747367;1.0;0.0;0.19950878190478016;1.0;1.0;0.19456278572123337;0.0;2.0;0.19939661056390365;1.0;1.0;26.94210775868022
CHTR;United States;Telecom Services;Communication Services;1.0;2.0;1.0;1.0;0.1943674767204179;2.0;2.0;0.19399832355406538;1.0;1.0;0.1936680438297108;2.0;2.0;0.19526842125174979;1.0;1.0;0.19491665980174097;2.0;2.0;0.19280421363999942;2.0;-2.0;0.18406751054852322;1.0;-1.0;0.1986107816048077;;;;1.0;1.0;0.18517653924715496;0.0;2.0;0.2;;;26.93287797019817
LW;United States;Packaged Foods;Consumer Defensive;1.0;0.0;1.0;1.0;0.12046332046332048;2.0;2.0;0.13575859178541494;1.0;1.0;0.17482486078677925;2.0;2.0;0.1611612040808606;1.0;1.0;0.1738298047615125;2.0;2.0;0.1844252275093947;2.0;-2.0;0.1632405063291139;1.0;-1.0;0.19954210020281735;1.0;-1.0;0.19954870674270803;1.0;1.0;0.1813636805758195;0.0;2.0;0.1995447539778719;1.0;1.0;26.893702757215614
VMC;United States;Building Materials;Basic Materials;-1.0;-2.0;1.0;-1.0;0.13999545764251647;2.0;2.0;0.13693210393964794;1.0;1.0;0.1751032872283097;2.0;2.0;0.1909908319356344;1.0;1.0;0.19299228382348904;2.0;2.0;0.19393509505339995;2.0;-2.0;0.19341772151898734;1.0;1.0;-0.0005531543712752052;1.0;1.0;-0.021829885434429958;1.0;1.0;0.19653730181888923;2.0;2.0;0.19880108714978792;1.0;1.0;26.596322130304955
TSCO;United States;Specialty Retail;Consumer Cyclical;1.0;2.0;1.0;1.0;0.1941403588462412;2.0;2.0;0.1903436714165968;1.0;1.0;0.1968025866714568;2.0;2.0;0.19853462299960908;1.0;1.0;0.19769997528626743;2.0;2.0;0.19831575134694618;;;;;;;;;;;;;0.0;2.0;0.1998331747838278;1.0;1.0;26.375670141350945
JBHT;United States;Integrated Freight & Logistics;Industrials;1.0;0.0;1.0;1.0;0.18823529411764708;2.0;2.0;0.19959765297569154;1.0;1.0;0.19013831507095386;2.0;2.0;0.19670353228999837;1.0;1.0;0.19450146909410443;2.0;2.0;0.19554287841515625;;;;;;;;;;;;;2.0;2.0;0.19907803667368876;1.0;1.0;26.363797178637242
EXPD;United States;Integrated Freight & Logistics;Industrials;1.0;0.0;1.0;1.0;0.17974108562343857;2.0;2.0;0.17468566638725902;1.0;1.0;0.19228489312017244;2.0;2.0;0.19738956076522443;1.0;1.0;0.19376115550429746;2.0;2.0;0.19440998475724788;;;;;;;;;;;;;2.0;2.0;0.199075086915446;1.0;1.0;26.331347433073088
PKG;United States;Packaging & Containers;Consumer Cyclical;1.0;0.0;1.0;1.0;0.14626391096979335;2.0;2.0;0.15031014249790445;1.0;1.0;0.17536375067361237;2.0;2.0;0.19210058388085302;1.0;1.0;0.19085701732707253;2.0;2.0;0.1922146259992052;;;;;;;;;;;;;2.0;2.0;0.1994618329961596;1.0;1.0;26.2465718643446
HD;United States;Home Improvement Retail;Consumer Cyclical;1.0;-2.0;1.0;-1.0;0.19981830570065864;2.0;2.0;0.18269907795473597;1.0;1.0;0.1948985090713131;2.0;2.0;0.19792425942973885;1.0;1.0;0.19679490347914438;2.0;2.0;0.19668382105109594;2.0;-2.0;0.1950379746835443;1.0;-1.0;0.1979181345800861;1.0;0.0;0.19792658196600418;1.0;1.0;0.1971792627176345;2.0;2.0;0.19986857188274057;1.0;1.0;26.156749402516695
DE;United States;Farm & Heavy Construction Machinery;Industrials;0.0;0.0;1.0;1.0;0.15475811946400184;2.0;2.0;0.16010058675607713;1.0;1.0;0.18779414406322975;2.0;2.0;0.19610577953768746;1.0;1.0;0.1949803663124365;2.0;2.0;0.19468365001031276;2.0;-2.0;0.19243881856540085;1.0;-1.0;0.1998587235530313;1.0;-1.0;0.19982336823934582;1.0;1.0;0.19378465129851183;0.0;2.0;0.19945789998516927;1.0;1.0;26.073786107785207
DVA;United States;Medical Care Facilities;Healthcare;1.0;2.0;1.0;1.0;0.17474449239155124;2.0;2.0;0.15979882648784577;1.0;-1.0;0.1845697862403449;2.0;2.0;0.192317489942873;1.0;1.0;0.1933459647966609;2.0;2.0;0.1932227604976281;2.0;-2.0;0.18092827004219408;1.0;-1.0;0.19921887681657074;1.0;0.0;0.1992111279791571;1.0;1.0;0.18420387121875306;0.0;2.0;0.19947395978004637;;;26.061035426193627
OTIS;United States;Specialty Industrial Machinery;Industrials;0.0;-2.0;1.0;-1.0;0.19064274358392008;2.0;2.0;0.18347024308466053;1.0;1.0;0.19559906592419615;2.0;2.0;0.1980932443850335;1.0;1.0;0.19871049235247276;2.0;2.0;0.19450053576010023;2.0;-2.0;0.18018565400843883;1.0;1.0;0.1728979331184457;1.0;1.0;0.1721404837410999;1.0;1.0;0.17383523003598875;0.0;2.0;0.19986136136259167;1.0;1.0;26.05993698735695
MDLZ;United States;Confectioners;Consumer Defensive;1.0;0.0;1.0;-1.0;0.1736543265955031;2.0;2.0;0.11027661357921208;1.0;1.0;0.1704329082090893;2.0;2.0;0.18952545493524348;1.0;1.0;0.18926655133591455;2.0;2.0;0.19141375268508878;2.0;-2.0;0.16043881856540085;1.0;-1.0;0.19947841877407008;1.0;0.0;0.1993833038427211;1.0;1.0;0.18501118568232663;0.0;2.0;0.19850840558192587;1.0;1.0;25.967389739786498
FAST;United States;Industrial Distribution;Industrials;-1.0;-2.0;1.0;1.0;0.19622984328866683;2.0;2.0;0.19872590108968985;1.0;1.0;0.19984731453206395;2.0;2.0;0.2;1.0;1.0;0.1991388637174946;2.0;2.0;0.19872826147105138;2.0;-2.0;0.009215189873417712;1.0;-1.0;0.19777667975376517;1.0;0.0;0.19749435994825812;1.0;1.0;0.16297052815873944;2.0;2.0;0.19907738117185703;1.0;1.0;25.959204323005004
WTW;United Kingdom;Insurance Brokers;Financial Services;0.0;0.0;1.0;1.0;0.19754712695889168;2.0;2.0;0.04714165968147527;1.0;1.0;0.13638404885934974;2.0;2.0;0.15832881445704128;1.0;1.0;0.15832056457149135;2.0;2.0;0.1629606153443705;2.0;-2.0;0.1591898734177215;1.0;-1.0;0.1987697176076475;;;;1.0;1.0;0.18501118568232663;0.0;2.0;0.18947264058261004;1.0;1.0;25.593126247162928
GPN;United States;Specialty Business Services;Industrials;0.0;0.0;1.0;1.0;0.190233931410402;2.0;2.0;0.10326906957250628;1.0;1.0;0.12492365726603198;2.0;2.0;0.11019080166967227;1.0;1.0;0.12718565505121238;2.0;2.0;0.13156155204418893;2.0;-2.0;0.18562025316455696;1.0;-1.0;0.19877043112505643;;;;1.0;1.0;0.1927438965081218;0.0;2.0;0.19893022101063634;1.0;1.0;25.563429468822388
TSLA;United States;Auto Manufacturers;Consumer Cyclical;-1.0;-2.0;1.0;-1.0;0.10947081535316831;2.0;2.0;0.10947191953059514;1.0;1.0;0.14763786599604817;2.0;2.0;0.1613251447091315;1.0;1.0;0.14671499574374608;2.0;2.0;0.1586946569877706;2.0;2.0;-0.20000000000000004;1.0;-1.0;0.19923136337122707;1.0;0.0;0.19936583672612765;1.0;1.0;0.13273027915572416;2.0;2.0;0.19979744993399917;;;25.364440327507538
ITW;United States;Specialty Industrial Machinery;Industrials;-1.0;-2.0;1.0;1.0;0.19250511015216898;2.0;2.0;0.1960435875943001;1.0;1.0;0.19892222022633377;2.0;2.0;0.19849679054693117;1.0;1.0;0.1977021720624983;2.0;2.0;0.198448559484463;2.0;-2.0;0.17964556962025316;1.0;-1.0;0.19973314448905913;1.0;-1.0;0.19961304989669001;1.0;1.0;0.1885614239859936;2.0;2.0;0.19990331347982163;1.0;1.0;25.14957494153851
DHR;United States;Diagnostics & Research;Healthcare;-1.0;-2.0;1.0;1.0;0.17510788099023394;2.0;2.0;0.15564124056999162;1.0;1.0;0.1840758038440812;2.0;2.0;0.19117494987200023;1.0;1.0;0.19167641486119122;2.0;2.0;0.19245408309563697;2.0;-2.0;0.1870717299578059;1.0;-1.0;0.19921067136636803;1.0;-1.0;0.19926602463130794;1.0;1.0;0.1960023344032682;2.0;2.0;0.19930221830013628;1.0;1.0;25.07098335189202
CDW;United States;Information Technology Services;Technology;1.0;0.0;1.0;1.0;0.16961162843515787;2.0;2.0;0.17629505448449287;1.0;1.0;0.19854499730555059;2.0;2.0;0.19859515492389374;1.0;-1.0;0.19800752395859078;2.0;-2.0;0.19937016746904918;2.0;-2.0;0.15439662447257385;1.0;1.0;0.1943842612329938;1.0;1.0;0.19420359082922908;1.0;1.0;0.17435074409104176;0.0;2.0;0.19785945876852512;1.0;1.0;25.055619205971098
LIN;United Kingdom;Specialty Chemicals;Basic Materials;-1.0;-2.0;1.0;1.0;0.17033840563252328;2.0;2.0;0.15731768650461023;1.0;1.0;0.18360876594215916;2.0;2.0;0.19458491494003557;1.0;1.0;0.19525496334129666;2.0;2.0;0.19638802110844492;2.0;-2.0;0.16263291139240504;1.0;-1.0;0.1996004302509976;1.0;-1.0;0.19959789984658347;1.0;1.0;0.18295885614239862;2.0;2.0;0.19959850512807278;1.0;1.0;25.041881360229528
BALL;United States;Packaging & Containers;Consumer Cyclical;1.0;0.0;1.0;-1.0;0.14858051328639565;2.0;2.0;0.15983235540653815;1.0;1.0;0.18799173702173524;2.0;2.0;0.1943654867145037;1.0;1.0;0.19500672762720708;2.0;2.0;0.19639003335295274;2.0;-2.0;0.17049789029535864;1.0;-1.0;0.19895576727202674;1.0;-1.0;0.19893236705719633;1.0;1.0;0.186217294037545;0.0;2.0;0.1996047323954741;1.0;1.0;25.036374904466935
EIX;United States;Utilities - Regulated Electric;Utilities;0.0;0.0;1.0;1.0;0.15848285260049966;2.0;2.0;0.14051969823973176;1.0;1.0;0.16647206754086583;2.0;2.0;0.18881168266138695;1.0;1.0;0.19286706757832883;2.0;2.0;0.19364533184427243;2.0;-2.0;0.19027848101265823;1.0;-1.0;0.19990974004777;1.0;0.0;0.19989965319752948;1.0;1.0;0.19415426514930456;-2.0;2.0;0.1996965026519146;1.0;1.0;25.024737342524265
BWA;United States;Auto Parts;Consumer Cyclical;1.0;2.0;1.0;-1.0;0.1907790143084261;2.0;-2.0;0.11798826487845768;1.0;1.0;0.16207113346506197;2.0;2.0;0.18895040165453927;1.0;1.0;0.19158634703572508;2.0;2.0;0.19292092382145357;2.0;-2.0;0.17951054852320675;1.0;-1.0;0.19980610164412252;1.0;-1.0;0.19970056371554087;1.0;1.0;0.19150860811205137;2.0;2.0;0.19879617088605003;1.0;1.0;25.013618078044633
ETR;United States;Utilities - Regulated Electric;Utilities;0.0;2.0;1.0;1.0;0.1555303202362026;2.0;2.0;0.1266387259010897;1.0;1.0;0.17413328543201007;2.0;2.0;0.17999419902392275;1.0;1.0;0.18733558502897;2.0;2.0;0.18946187551249355;2.0;-2.0;0.18217721518987343;1.0;-1.0;0.19993988615829741;0.0;-1.0;0.19992924035420817;1.0;1.0;0.18981616574263205;-2.0;2.0;0.19955950276908557;1.0;1.0;24.984516001348787
APD;United States;Specialty Chemicals;Basic Materials;-1.0;-2.0;1.0;1.0;0.1495344083579378;2.0;2.0;0.10712489522212909;1.0;1.0;0.16902281300520927;2.0;2.0;0.1905948522642723;1.0;1.0;0.19592278331548454;2.0;2.0;0.19597349873983191;2.0;-2.0;0.18065822784810126;1.0;-1.0;0.19927310413964966;1.0;-1.0;0.19922128742452266;1.0;1.0;0.19093473397529426;2.0;2.0;0.19899314918648128;1.0;1.0;24.977253753478916
MA;United States;Credit Services;Financial Services;-1.0;-2.0;1.0;1.0;0.19777424483306838;2.0;2.0;0.1862531433361274;1.0;1.0;0.19715286509789834;2.0;2.0;0.19865064252115466;1.0;1.0;0.19862921163193015;2.0;2.0;0.1989717430564988;2.0;-2.0;0.19466666666666668;1.0;-1.0;0.19806601106308744;;;;1.0;1.0;0.19755860324871125;2.0;2.0;0.19844318314966994;1.0;1.0;24.966166314604813
LOW;United States;Home Improvement Retail;Consumer Cyclical;1.0;-2.0;1.0;1.0;0.19900068135362253;2.0;2.0;0.13753562447611065;1.0;1.0;0.18139931740614335;2.0;2.0;0.1929883854370279;1.0;1.0;0.19355246176236374;2.0;2.0;0.17967230598189987;2.0;-2.0;0.17427848101265822;1.0;-1.0;0.19937602902588822;1.0;-1.0;0.19932199069876042;1.0;1.0;0.10249003015270888;0.0;2.0;0.1991878332305015;1.0;1.0;24.958803140537686
PAYX;United States;Software - Application;Technology;-1.0;-2.0;1.0;1.0;0.19682034976152624;2.0;2.0;0.18990779547359599;1.0;1.0;0.197413328543201;2.0;2.0;0.19899617892227955;1.0;1.0;0.198484224400692;2.0;2.0;0.1986175880231207;2.0;-2.0;0.18477637130801688;1.0;-1.0;0.19972244172792514;;;;1.0;1.0;0.19561326719190741;2.0;2.0;0.19218445166042714;1.0;1.0;24.952535997012692
LHX;United States;Aerospace & Defense;Industrials;1.0;0.0;1.0;-1.0;0.17796956620486035;2.0;2.0;0.1135959765297569;1.0;1.0;0.16328363571043653;2.0;2.0;0.18876123939114975;1.0;1.0;0.18952357415492765;2.0;2.0;0.1901862835353124;2.0;-2.0;0.15632067510548522;1.0;-1.0;0.19954370561698745;1.0;-1.0;0.19952108018074902;1.0;1.0;0.1696819375547126;0.0;2.0;0.19875749627797867;1.0;1.0;24.947145170262356
ADP;United States;Software - Application;Technology;-1.0;-2.0;1.0;1.0;0.1966386554621849;2.0;2.0;0.1878290025146689;1.0;1.0;0.19744027303754266;2.0;2.0;0.19950061162465166;1.0;1.0;0.1951341406485982;2.0;2.0;0.19527524989561484;2.0;-2.0;0.14129957805907173;1.0;-1.0;0.19945826190726773;;;;1.0;1.0;0.1825989689718899;2.0;2.0;0.1971856028855191;1.0;1.0;24.89236034500701
GLW;United States;Electronic Components;Technology;0.0;-2.0;1.0;1.0;0.15094253917783332;2.0;2.0;0.10933780385582564;1.0;1.0;0.12689958685108677;2.0;2.0;0.17145667553627503;1.0;1.0;0.16676057885053686;2.0;2.0;0.17088483421620565;2.0;-2.0;0.17383966244725738;1.0;-1.0;0.19829629880682054;1.0;0.0;0.1983228003352617;1.0;1.0;0.18905748468047856;0.0;2.0;0.19862410165522407;1.0;1.0;24.854422366412805
OKE;United States;Oil & Gas Midstream;Energy;0.0;-2.0;1.0;1.0;0.003361344537815142;2.0;2.0;0.03892707460184411;1.0;1.0;0.15723908747979165;2.0;2.0;0.18850145654942813;1.0;1.0;0.18549688332372244;2.0;2.0;0.18791445948597216;2.0;-2.0;0.1859240506329114;1.0;-1.0;0.1983824560339492;1.0;0.0;0.1984149482870863;1.0;1.0;0.1937651979379438;0.0;2.0;0.199351708688431;1.0;1.0;24.737278667558897
DRI;United States;Restaurants;Consumer Cyclical;1.0;0.0;1.0;1.0;0.1810129457188281;2.0;2.0;0.1736127409891031;1.0;1.0;0.18496497215735586;2.0;2.0;0.1979343480837863;1.0;1.0;0.1939193233929209;2.0;2.0;0.19460114798549175;;;;;;;;;;;;;0.0;2.0;0.19954999799252565;1.0;1.0;24.32559547632001
NVR;United States;Residential Construction;Consumer Cyclical;1.0;0.0;1.0;1.0;0.1625255507608449;2.0;2.0;0.15926236378876782;1.0;1.0;0.1894826657086402;2.0;2.0;0.1981966530890198;1.0;1.0;0.19391053628799737;2.0;2.0;0.19501365810959692;;;;;;;;;;;;;2.0;2.0;0.19854609693724964;;;24.296937524682114
ICE;United States;Financial Data & Stock Exchanges;Financial Services;-1.0;-2.0;1.0;1.0;0.18650919827390416;2.0;2.0;0.02953897736797989;1.0;1.0;0.1472336985809233;2.0;2.0;0.1841255028563502;1.0;1.0;0.18228959002663592;2.0;2.0;0.18208498714678822;2.0;-2.0;0.014987341772151885;1.0;1.0;-0.12398417418386987;;;;1.0;1.0;0.1436727944752456;0.0;2.0;0.19710989242395566;1.0;1.0;24.143567808740066
SW;Ireland;Packaging & Containers;Consumer Cyclical;1.0;-2.0;1.0;1.0;0.17074721780604135;2.0;-2.0;0.18595138306789608;1.0;1.0;0.19580564038081552;2.0;2.0;0.19804027895128443;1.0;1.0;0.19564379273416263;2.0;2.0;0.1961928333911854;2.0;-2.0;0.19230379746835444;1.0;-1.0;0.19989868052793155;1.0;0.0;0.1999062479252229;1.0;1.0;0.19691664234996598;2.0;2.0;0.19957228505480407;1.0;1.0;24.13097879965766
ABT;United States;Medical Devices;Healthcare;0.0;-2.0;1.0;-1.0;0.1964115375880082;2.0;2.0;0.17599329421626153;1.0;1.0;0.18668043829710795;2.0;2.0;0.1960250703053079;1.0;1.0;0.1938731910920724;2.0;2.0;0.1945045602491159;2.0;-2.0;0.19254008438818565;1.0;-1.0;0.19879272854408558;1.0;-1.0;0.19886160741140452;1.0;1.0;0.19808384398404827;2.0;2.0;0.1989833166590055;1.0;1.0;24.130749672734606
NXPI;Netherlands;Semiconductors;Technology;0.0;0.0;1.0;1.0;0.1791960027254145;2.0;2.0;0.16040234702430847;1.0;1.0;0.017046883420154507;2.0;2.0;-0.12171708891887459;1.0;1.0;-0.14516626850097478;2.0;2.0;-0.19999999999999993;;;;;;;;;;;;;2.0;2.0;0.19962046443943535;1.0;1.0;24.08938234018946
ULTA;United States;Specialty Retail;Consumer Cyclical;1.0;0.0;1.0;1.0;0.1512605042016807;2.0;2.0;0.08663872590108969;1.0;1.0;0.13539608406682235;2.0;2.0;0.1644904599165164;1.0;1.0;0.14897108493286104;2.0;2.0;0.15157936040808323;;;;;;;;;;;;;2.0;2.0;0.1995935888643349;;;24.037929808291388
NWSA;United States;Entertainment;Communication Services;1.0;0.0;;;;2.0;2.0;0.13079631181894386;1.0;1.0;0.15647566014011138;2.0;2.0;0.18251384037227136;1.0;1.0;0.18388444957025565;2.0;2.0;0.18492828863635222;;;;;;;;;;;;;2.0;2.0;0.19903739556012223;1.0;1.0;24.037635946098057
GM;United States;Auto Manufacturers;Consumer Cyclical;1.0;2.0;1.0;1.0;0.11878264819441291;2.0;-2.0;0.14893545683151718;1.0;-1.0;0.17336087659421592;2.0;2.0;0.19234523374150347;1.0;1.0;0.1945607820523382;2.0;2.0;0.19548251107992135;2.0;-2.0;0.1908860759493671;1.0;-1.0;0.2;1.0;0.0;0.19998698878049673;1.0;1.0;0.19526310670168273;0.0;2.0;0.19957457931121508;1.0;1.0;24.00917825923667
NEE;United States;Utilities - Regulated Electric;Utilities;-1.0;-2.0;1.0;1.0;0.1087894617306382;2.0;2.0;0.13297569153394803;1.0;1.0;0.16377761810670022;2.0;2.0;0.19577789828114558;1.0;1.0;0.19490567592058655;2.0;2.0;0.1955187314810623;2.0;-2.0;0.19571308016877637;1.0;-1.0;0.19899875669591496;1.0;0.0;0.19889778929577664;1.0;1.0;0.19771423013325554;0.0;2.0;0.19920684278362133;1.0;1.0;23.982275776131424
CVS;United States;Healthcare Plans;Healthcare;1.0;2.0;1.0;-1.0;0.1865546218487395;2.0;-2.0;0.10611902766135792;1.0;1.0;0.1651338243218969;2.0;2.0;0.18711426661790487;1.0;1.0;0.18931707718922483;2.0;2.0;0.18987841012561438;2.0;-2.0;0.16877637130801687;1.0;-1.0;0.1986300465748489;1.0;0.0;0.19861189893847164;1.0;1.0;0.1891742048438868;0.0;2.0;0.1994018545785574;1.0;1.0;23.97871160400852
PH;United States;Specialty Industrial Machinery;Industrials;0.0;-2.0;1.0;1.0;0.19014308426073134;2.0;2.0;0.10642078792958927;1.0;1.0;0.17212142985449974;2.0;2.0;0.19252430735084558;1.0;1.0;0.19202350550567043;2.0;2.0;0.19476212754611816;2.0;-2.0;0.13924050632911392;1.0;-1.0;0.19924046071819096;1.0;-1.0;0.19916942078239314;1.0;1.0;0.16288298803618328;0.0;2.0;0.19738421994052963;1.0;1.0;23.945912838253868
ABBV;United States;Drug Manufacturers - General;Healthcare;-1.0;0.0;1.0;-1.0;0.17179196002725416;2.0;2.0;0.08402347024308465;1.0;1.0;0.14133285432010062;2.0;2.0;0.18330579971499555;1.0;1.0;0.18054534969931627;2.0;2.0;0.1841656479678846;2.0;-2.0;0.18538396624472575;1.0;-1.0;0.1980958004149104;1.0;0.0;0.1981205026073682;1.0;1.0;0.19329831728431088;0.0;2.0;0.1989793836480152;1.0;1.0;23.91904305217197
WMB;United States;Oil & Gas Midstream;Energy;-1.0;-2.0;1.0;1.0;0.11351351351351352;2.0;2.0;0.16207879295892708;1.0;1.0;0.1802047781569966;2.0;2.0;0.1548608396282331;1.0;1.0;0.14566933025784662;2.0;2.0;0.15136807473476105;2.0;-2.0;0.18558649789029535;1.0;-1.0;0.19904923805259694;1.0;0.0;0.1990282579625767;1.0;1.0;0.19155724151347148;0.0;2.0;0.19959489986799833;1.0;1.0;23.882511464537217
DOW;United States;Chemicals;Basic Materials;1.0;2.0;1.0;-1.0;0.04937542584601409;2.0;-2.0;0.0758088851634535;1.0;1.0;0.12913597988144424;2.0;2.0;0.1618421882290629;1.0;1.0;0.15237828486695776;2.0;2.0;0.15999255469532106;2.0;-2.0;0.15449789029535865;1.0;-1.0;0.19791581564850708;1.0;0.0;0.19789752951697628;1.0;1.0;0.18501118568232663;0.0;2.0;0.19726786836539967;1.0;1.0;23.661123608190824
GWW;United States;Industrial Distribution;Industrials;0.0;-2.0;1.0;1.0;0.19155121508062686;2.0;2.0;0.16764459346186086;1.0;1.0;0.19008442608227052;2.0;2.0;0.1972256201369535;1.0;1.0;0.19725402971139855;2.0;2.0;0.19705206179602885;;;;;;;;;;;;;2.0;2.0;0.1997636915896657;1.0;1.0;23.340575637858805
NTAP;United States;Computer Hardware;Technology;0.0;-2.0;1.0;1.0;0.18564615035203272;2.0;2.0;0.1754233025984912;1.0;1.0;0.19245554158433628;2.0;2.0;0.19408804872819907;1.0;1.0;0.1945388142900294;2.0;2.0;0.19522091929390342;;;;;;;;;;;;;2.0;2.0;0.1972095287023768;1.0;1.0;23.33458230554937
LII;United States;Building Products & Equipment;Industrials;0.0;-2.0;1.0;1.0;0.16520554167612994;2.0;2.0;0.18085498742665548;1.0;1.0;0.19541045446380456;2.0;2.0;0.19796713620944048;1.0;1.0;0.19742757503363814;2.0;2.0;0.19383448282800847;;;;;;;;;;;;;2.0;2.0;0.19942709139907855;1.0;1.0;23.33012726903676
ROST;United States;Apparel Retail;Consumer Cyclical;1.0;-2.0;1.0;1.0;0.13436293436293437;2.0;2.0;-0.14420787929589274;1.0;1.0;-0.09330878390515537;2.0;2.0;0.05275609417758553;1.0;1.0;0.01565532580937476;2.0;2.0;0.042837667204942115;;;;;;;;;;;;;2.0;2.0;0.19773917418240486;1.0;1.0;23.205834532536194
WM;United States;Waste Management;Industrials;0.0;-2.0;1.0;-1.0;0.19418578242107656;2.0;2.0;0.19701592623637887;1.0;1.0;0.1968564756601401;2.0;2.0;0.19866577550222583;1.0;1.0;0.19806024658813193;2.0;2.0;0.19855923293239364;2.0;-2.0;0.19216877637130803;1.0;-1.0;0.19912611955340948;1.0;0.0;0.19909937408013575;1.0;1.0;0.1955062737087832;0.0;2.0;0.1997620528350864;1.0;1.0;23.169006035889073
MTD;United States;Diagnostics & Research;Healthcare;-1.0;-2.0;1.0;1.0;0.1996366114013173;2.0;2.0;0.1886672254819782;1.0;1.0;0.19682953116579846;2.0;2.0;0.19844382511318212;1.0;1.0;0.19880275695416977;2.0;2.0;0.19846063295150995;2.0;-2.0;0.1918987341772152;1.0;-1.0;0.1996589386785301;1.0;-1.0;0.19961732755789657;1.0;1.0;0.19243264273903318;2.0;2.0;0.19990069147249476;;;23.164348917693125
AEE;United States;Utilities - Regulated Electric;Utilities;-1.0;0.0;1.0;-1.0;0.1619350442879855;2.0;2.0;0.16888516345347862;1.0;1.0;0.1912699838333034;2.0;2.0;0.19727354124367885;1.0;1.0;0.19999340967130738;2.0;2.0;0.19979877554921702;2.0;-2.0;0.19584810126582278;1.0;-1.0;0.19974955538946457;1.0;-1.0;0.19967293715358184;1.0;1.0;0.19789903705865192;0.0;2.0;0.1998436628131353;1.0;1.0;23.112169211719625
FE;United States;Utilities - Regulated Electric;Utilities;0.0;0.0;1.0;-1.0;0.18292073586191235;2.0;2.0;0.14068734283319362;1.0;1.0;0.18688701275372732;2.0;2.0;0.175633378311916;1.0;1.0;0.17980064255704756;2.0;2.0;0.17925778361328687;2.0;-2.0;0.17340084388185653;1.0;-1.0;0.19832412598576893;1.0;0.0;0.1984951544347093;1.0;1.0;0.18498200564147457;-2.0;2.0;0.19951918940643493;1.0;1.0;22.999908215281327
EQIX;United States;REIT - Specialty;Real Estate;-1.0;-2.0;1.0;-1.0;0.1942312059959119;2.0;2.0;0.19731768650461023;1.0;1.0;0.1917639662295671;2.0;2.0;0.1992610060910249;1.0;1.0;0.2;2.0;2.0;0.19928967768873598;2.0;-2.0;0.1921012658227848;1.0;1.0;0.1942813363467552;;;;1.0;1.0;0.1950880264565704;0.0;2.0;0.19991085175088638;1.0;1.0;22.96324502288685
UNH;United States;Healthcare Plans;Healthcare;1.0;0.0;1.0;-1.0;0.1824210765387236;2.0;-2.0;0.18960603520536462;1.0;1.0;0.1976019400035926;2.0;2.0;0.19943755753685513;1.0;1.0;0.19980448691545158;2.0;2.0;0.19980883677175615;2.0;-2.0;0.18562025316455696;1.0;-1.0;0.1995526245845991;;;;1.0;1.0;0.1943390720747009;2.0;2.0;0.19956999079839305;1.0;1.0;22.947761873593997
BRO;United States;Insurance Brokers;Financial Services;-1.0;-2.0;1.0;1.0;0.18578242107653875;2.0;2.0;0.19248952221290863;1.0;1.0;0.1981049038979702;2.0;2.0;0.1987767506967477;1.0;1.0;0.19636872889035342;2.0;2.0;0.19782476368703564;2.0;-2.0;0.13940928270042194;1.0;-1.0;0.19880557185744638;;;;1.0;1.0;0.17102421943390722;0.0;2.0;0.19838648224122632;1.0;1.0;22.876972646694554
PLD;United States;REIT - Industrial;Real Estate;-1.0;-2.0;1.0;1.0;0.1987281399046105;2.0;2.0;0.1277116512992456;1.0;1.0;0.16674151248428237;2.0;2.0;0.18723785262998602;1.0;1.0;0.1888645412856633;2.0;2.0;0.18982810401291864;2.0;-2.0;0.16752742616033756;1.0;-1.0;0.19891741571129662;;;;1.0;1.0;0.18629510747981715;0.0;2.0;0.19934646467377723;1.0;1.0;22.811198215641934
CNC;United States;Healthcare Plans;Healthcare;1.0;2.0;1.0;-1.0;0.1624347036111742;2.0;-2.0;0.11912824811399832;1.0;1.0;0.16664271600502964;2.0;2.0;0.18342434140005298;1.0;1.0;0.18695114918856579;2.0;2.0;0.18958462242747118;2.0;-2.0;0.18636286919831224;1.0;-1.0;0.19773172815700238;;;;1.0;1.0;0.1920727555685245;2.0;2.0;0.19750745428489258;;;22.781840587955024
AON;Ireland;Insurance Brokers;Financial Services;-1.0;-2.0;1.0;1.0;0.1794231205995912;2.0;2.0;0.09988264878457669;1.0;1.0;0.17019938925812828;2.0;2.0;0.1845668814709258;1.0;1.0;0.18731801081912294;2.0;2.0;0.18781183501607282;2.0;-2.0;0.17610126582278482;1.0;-1.0;0.199383520958682;;;;1.0;1.0;0.1880070032098045;0.0;2.0;0.19894234779452313;1.0;1.0;22.771636023734214
DTE;United States;Utilities - Regulated Electric;Utilities;0.0;0.0;1.0;1.0;-0.005723370429252778;2.0;2.0;0.032958927074601824;1.0;1.0;0.14868870127537273;2.0;2.0;0.18477369887889833;1.0;1.0;0.1958349122662493;2.0;2.0;0.1963135680616552;2.0;-2.0;0.18977215189873417;1.0;-1.0;0.19865020344165124;0.0;-1.0;0.19853187102673225;1.0;1.0;0.19416399182958857;-2.0;2.0;0.19971125144312826;1.0;1.0;22.733675906767356
IBM;United States;Information Technology Services;Technology;0.0;-2.0;1.0;-1.0;0.19155121508062686;2.0;2.0;0.00020117351215420687;1.0;1.0;0.05485899047961201;2.0;2.0;0.15369812224926543;1.0;1.0;0.16260208144547877;2.0;2.0;0.16443559056861;2.0;-2.0;0.19470042194092826;1.0;-1.0;0.19957741931455952;1.0;0.0;0.1995503108656605;1.0;1.0;0.19721816943877057;0.0;2.0;0.19841270231449504;1.0;1.0;22.71680619721016
IT;United States;Information Technology Services;Technology;-1.0;-2.0;1.0;1.0;0.19073359073359075;2.0;2.0;0.08110645431684828;1.0;1.0;0.15171546613975212;2.0;2.0;0.18061969557486415;1.0;1.0;0.1805058077271604;2.0;2.0;0.17925778361328687;2.0;-2.0;0.16469198312236288;1.0;-1.0;0.19755174339059908;;;;1.0;1.0;0.18138313393638753;2.0;2.0;0.1994913305785869;;;22.70705698913344
TJX;United States;Apparel Retail;Consumer Cyclical;1.0;-2.0;1.0;1.0;0.15730183965478084;2.0;2.0;-0.11691533948030175;1.0;1.0;-0.19999999999999998;2.0;2.0;-0.07386660277185772;1.0;1.0;-0.19999999999999998;2.0;2.0;-0.11998510939064197;;;;;;;;;;;;;2.0;2.0;0.19887352010219275;1.0;1.0;22.645408308114174
ZTS;United States;Drug Manufacturers - Specialty & Generic;Healthcare;-1.0;-2.0;1.0;1.0;0.19582103111514879;2.0;2.0;0.19768650461022633;1.0;1.0;0.2;2.0;2.0;0.19929127205316724;1.0;1.0;0.19789109481835407;2.0;2.0;0.19946876744993286;;;;;;;;;;;;;2.0;2.0;0.19923044084956318;1.0;1.0;22.389389110896396
CTAS;United States;Specialty Business Services;Industrials;-1.0;-2.0;1.0;1.0;0.1934135816488758;2.0;2.0;0.1937636211232188;1.0;1.0;0.19941620262259746;2.0;2.0;0.19898861243174398;1.0;1.0;0.1994771672570503;2.0;2.0;0.1983761186821811;;;;;;;;;;;;;2.0;2.0;0.19945691673242172;1.0;1.0;22.38289222049809
IEX;United States;Specialty Industrial Machinery;Industrials;-1.0;-2.0;1.0;1.0;0.19513967749261868;2.0;2.0;0.1909471919530595;1.0;1.0;0.19691036464882344;2.0;2.0;0.19839590400645676;1.0;1.0;0.1983436307219156;2.0;2.0;0.19775232288475375;;;;;;;;;;;;;2.0;2.0;0.1971652823287358;1.0;1.0;22.374654374036364
ROL;United States;Personal Services;Consumer Cyclical;-1.0;-2.0;1.0;1.0;0.1960481489893255;2.0;2.0;0.1733780385582565;1.0;1.0;0.1922489671277169;2.0;2.0;0.19730128504230932;1.0;1.0;0.19768679462888214;2.0;2.0;0.19789921673382535;;;;;;;;;;;;;2.0;2.0;0.19733407405040318;1.0;1.0;22.35189652513072
EA;United States;Electronic Gaming & Multimedia;Communication Services;-1.0;-2.0;1.0;1.0;0.19464001816942994;2.0;2.0;0.19108130762782902;1.0;1.0;0.1885665529010239;2.0;2.0;0.19145238785830487;1.0;1.0;0.19373479418952688;2.0;2.0;0.19424699295211365;;;;;;;;;;;;;2.0;2.0;0.1976254446146018;1.0;1.0;22.35134749831283
TPL;United States;Oil & Gas E&P;Energy;-1.0;-2.0;1.0;1.0;0.18682716329775154;2.0;2.0;0.17585917854149205;1.0;1.0;0.19334470989761093;2.0;2.0;0.19840851482401606;1.0;1.0;0.19345580360820497;2.0;2.0;0.1940035113666662;;;;;;;;;;;;;2.0;2.0;0.1987820775966681;1.0;1.0;22.34068095913241
ODFL;United States;Trucking;Industrials;-1.0;-2.0;1.0;1.0;0.1774699068816716;2.0;2.0;0.1872590108968986;1.0;1.0;0.1926800790371834;2.0;2.0;0.19773761932986117;1.0;1.0;0.19431034956201776;2.0;2.0;0.19476816427964164;;;;;;;;;;;;;2.0;2.0;0.19394906259141179;1.0;1.0;22.338174192578688
CME;United States;Financial Data & Stock Exchanges;Financial Services;-1.0;-2.0;1.0;1.0;0.1933227344992051;2.0;2.0;0.16419111483654653;1.0;1.0;0.18928507275013473;2.0;2.0;0.19636808454292093;1.0;1.0;0.19282752560617294;2.0;2.0;0.19338172781374668;;;;;;;;;;;;;2.0;2.0;0.1988420560142703;1.0;1.0;22.328218316062998
MLM;United States;Building Materials;Basic Materials;-1.0;-2.0;1.0;1.0;0.12436974789915968;2.0;2.0;0.17019279128248113;1.0;1.0;0.1884318304293156;2.0;2.0;0.19613352333631792;1.0;1.0;0.19443776258340886;2.0;2.0;0.19665162513897066;;;;;;;;;;;;;2.0;2.0;0.19827996319357216;1.0;1.0;22.268497243863223
META;United States;Internet Content & Information;Communication Services;-1.0;-2.0;1.0;1.0;0.18973427208721327;2.0;2.0;0.10990779547359598;1.0;1.0;0.17138494700916113;2.0;2.0;0.19115477256390534;1.0;1.0;0.19189609248427933;2.0;2.0;0.19267744223600614;;;;;;;;;;;;;2.0;2.0;0.1900737357622954;1.0;1.0;22.236829057616454
MCHP;United States;Semiconductors;Technology;-1.0;-2.0;1.0;1.0;0.18510106745400864;2.0;2.0;0.15537300922045263;1.0;1.0;0.16002335189509612;2.0;2.0;0.17853891067757924;1.0;1.0;0.17381442732789631;2.0;2.0;0.17970248964951735;;;;;;;;;;;;;2.0;2.0;0.1991940604979028;1.0;1.0;22.23174731672245
BKNG;United States;Travel Services;Consumer Cyclical;-1.0;-2.0;;;;2.0;2.0;0.15081307627829002;1.0;1.0;0.18652775282917192;2.0;2.0;0.07129904031678377;1.0;1.0;0.031151385342010618;2.0;2.0;0.07698746874732752;2.0;-2.0;0.15216877637130802;1.0;-1.0;0.19639067218691303;;;;1.0;1.0;0.16993483124209707;2.0;2.0;0.19624495775700385;1.0;1.0;22.231517961070907
HSY;United States;Confectioners;Consumer Defensive;0.0;0.0;1.0;-1.0;0.18623665682489213;2.0;2.0;0.18259849119865884;1.0;1.0;0.1950242500449075;2.0;2.0;0.19890033670882887;1.0;1.0;0.19983304500645305;2.0;-2.0;0.2;2.0;-2.0;0.1899746835443038;1.0;-1.0;0.19920763891738005;1.0;-1.0;0.19916514312118658;1.0;1.0;0.19527283338196674;2.0;2.0;0.1995152563954446;1.0;1.0;22.14572833514402
NWS;United States;Entertainment;Communication Services;1.0;-2.0;;;;2.0;2.0;0.13079631181894386;1.0;1.0;0.15647566014011138;2.0;2.0;0.18251384037227136;1.0;1.0;0.18388444957025565;2.0;2.0;0.18492828863635222;;;;;;;;;;;;;2.0;2.0;0.19903739556012223;1.0;1.0;22.037635946098057
CMS;United States;Utilities - Regulated Electric;Utilities;0.0;0.0;1.0;-1.0;0.13504428798546447;2.0;2.0;0.1443084660519698;1.0;1.0;0.1842015448176756;2.0;2.0;0.18910173146525092;1.0;1.0;0.18854600873218552;2.0;2.0;0.18923046739409308;2.0;-2.0;0.19756962025316455;1.0;-1.0;0.1991530548355967;1.0;-1.0;0.19912432710384068;1.0;1.0;0.19847291119540902;-2.0;2.0;0.19975549781676924;1.0;1.0;22.02450791765142
CBOE;United States;Financial Data & Stock Exchanges;Financial Services;-1.0;-2.0;1.0;1.0;0.1626618214853509;2.0;2.0;0.004593461860854964;1.0;1.0;0.13280043111190948;2.0;2.0;0.1677011740671148;1.0;1.0;0.17602658099239368;2.0;2.0;0.18009487732854423;;;;;;;;;;;;;2.0;2.0;0.1978692912960009;1.0;1.0;22.02174763814217
AWK;United States;Utilities - Regulated Water;Utilities;-1.0;-2.0;1.0;1.0;0.18223938223938224;2.0;2.0;0.1278457669740151;1.0;1.0;0.17310939464702713;2.0;2.0;0.18915217473548812;1.0;1.0;0.19048136859159184;2.0;2.0;0.19195102196867944;2.0;-2.0;0.18038818565400844;1.0;-1.0;0.19844221311694732;1.0;0.0;0.1984149482870863;1.0;1.0;0.1903414064779691;-2.0;2.0;0.1990088812304425;1.0;1.0;22.02137474392264
DUK;United States;Utilities - Regulated Electric;Utilities;-1.0;0.0;1.0;-1.0;0.17856007267771976;2.0;2.0;0.14179379715004192;1.0;1.0;0.16116400215555957;2.0;2.0;0.17716937589063902;1.0;1.0;0.18073427245517204;2.0;2.0;0.1821835871276719;2.0;-2.0;0.19145991561181436;1.0;-1.0;0.19994077805505858;1.0;0.0;0.19977631396607368;1.0;1.0;0.19518529325941059;-2.0;2.0;0.1996168591793609;1.0;1.0;22.00758426752852
SO;United States;Utilities - Regulated Electric;Utilities;-1.0;0.0;1.0;-1.0;0.12009993186463776;2.0;2.0;0.1278457669740151;1.0;1.0;0.1809322795042213;2.0;2.0;0.19327338991386814;1.0;1.0;0.19444874646456328;2.0;2.0;0.19502170708762825;2.0;-2.0;0.19574683544303798;1.0;-1.0;0.19945166187123511;1.0;0.0;0.19948810654228177;1.0;1.0;0.1975488765684272;-2.0;2.0;0.19957720131854195;1.0;1.0;22.003434503552455
IQV;United States;Diagnostics & Research;Healthcare;0.0;-2.0;1.0;1.0;0.18996138996138998;2.0;2.0;0.18950544844928752;1.0;1.0;0.18353691395724808;2.0;2.0;0.1799336670996381;1.0;1.0;0.17653403630172723;2.0;2.0;0.1799137753228395;2.0;-2.0;0.19156118143459916;1.0;-1.0;0.1991084599975384;;;;1.0;1.0;0.1950393930551503;0.0;2.0;0.19964012949438686;;;21.884734395073803
NVDA;United States;Semiconductors;Technology;-1.0;-2.0;1.0;1.0;0.12636838519191462;2.0;2.0;-0.09223805532271584;1.0;1.0;0.09005748158792887;2.0;2.0;0.17325497812023155;1.0;1.0;0.16499876431337016;2.0;2.0;0.1738589315987786;;;;;;;;;;;;;2.0;2.0;0.19786863579416916;1.0;1.0;21.834169121283676
LULU;Canada;Apparel Retail;Consumer Cyclical;0.0;-2.0;1.0;1.0;0.18314785373608905;2.0;2.0;0.18343671416596816;1.0;1.0;0.1947098976109215;2.0;2.0;0.19120773799765442;1.0;1.0;0.19355465853859463;2.0;2.0;0.19423693172957449;;;;;;;;;;;;;2.0;2.0;0.1886781723625679;;;21.32897196614137
DOV;United States;Specialty Industrial Machinery;Industrials;0.0;-2.0;1.0;-1.0;0.18900749488984786;2.0;2.0;0.15279128248114;1.0;1.0;0.18332135800251484;2.0;2.0;0.19455464897789326;1.0;1.0;0.1948683307246616;2.0;2.0;0.19618880890216972;;;;;;;;;;;;;2.0;2.0;0.19927698147961515;1.0;1.0;21.310008905457842
PNR;United Kingdom;Specialty Industrial Machinery;Industrials;0.0;-2.0;1.0;1.0;0.16829434476493302;2.0;2.0;0.16308466051969825;1.0;1.0;0.18829710795760735;2.0;2.0;0.1943553980604563;1.0;1.0;0.193196584012961;2.0;2.0;0.19580447020117417;;;;;;;;;;;;;0.0;2.0;0.19718298087819222;1.0;1.0;21.300215546395023
XYL;United States;Specialty Industrial Machinery;Industrials;0.0;-2.0;1.0;-1.0;0.1944583238700886;2.0;2.0;0.13646269907795472;1.0;1.0;0.17357643254894917;2.0;2.0;0.1917373923351451;1.0;1.0;0.19067688167614028;2.0;2.0;0.19207376888365707;;;;;;;;;;;;;2.0;2.0;0.19957162955297233;1.0;1.0;21.27855712794491
AME;United States;Specialty Industrial Machinery;Industrials;-1.0;-2.0;1.0;1.0;0.1960481489893255;2.0;-2.0;0.18259849119865884;1.0;1.0;0.19549128794682955;2.0;2.0;0.1985094013644905;1.0;1.0;0.1985303567015405;2.0;2.0;0.19926754299914984;2.0;-2.0;0.1639831223628692;1.0;-1.0;0.19890082643153892;1.0;-1.0;0.19896712305449962;1.0;1.0;0.186227020717829;2.0;2.0;0.1987558575233994;1.0;1.0;21.117279179290133
MTCH;United States;Internet Content & Information;Communication Services;0.0;0.0;1.0;-1.0;0.19046104928457872;2.0;2.0;0.028197820620285002;1.0;1.0;0.15282917190587392;2.0;2.0;0.19488757456145883;1.0;1.0;0.19404014608561937;2.0;2.0;0.15504444545056673;;;;;;;;;;;;;0.0;2.0;0.1980761021239079;1.0;1.0;21.113536310032288
EVRG;United States;Utilities - Regulated Electric;Utilities;0.0;0.0;1.0;1.0;0.16711333181921417;2.0;2.0;0.16341994970662196;1.0;1.0;0.1896084066822346;2.0;2.0;0.19553577058400698;1.0;1.0;0.1952505697888349;2.0;2.0;0.19562739268448512;2.0;-2.0;0.1991898734177215;-1.0;-1.0;0.19979736105586307;0.0;-1.0;0.19982158588050977;1.0;1.0;0.19941639918295886;-2.0;2.0;0.1997548423149375;1.0;1.0;21.104535483117388
ROP;United States;Software - Application;Technology;-1.0;-2.0;1.0;-1.0;0.1988189870542812;2.0;2.0;0.18739312657166807;1.0;1.0;0.19553619543739897;2.0;2.0;0.16457116914889594;1.0;1.0;0.17099816019990666;2.0;2.0;0.17677869837964014;2.0;-2.0;0.16563713080168777;1.0;-1.0;0.19991598332509816;1.0;-1.0;0.19992656681595408;1.0;1.0;0.191323801186655;0.0;2.0;0.19978401214644895;1.0;1.0;21.050683831067634
AVGO;United States;Semiconductors;Technology;1.0;2.0;1.0;1.0;0.16852146263910972;2.0;-2.0;0.1629170159262364;1.0;1.0;0.17195078139033593;2.0;-2.0;0.18800711250110347;1.0;1.0;0.18584617074443255;2.0;2.0;0.1863026516352002;2.0;-2.0;0.14828691983122363;1.0;-1.0;0.19942811579674033;1.0;-1.0;0.19940380096933585;1.0;1.0;0.18039101254741757;0.0;2.0;0.1981590231056202;1.0;1.0;20.98921406708676
POOL;United States;Industrial Distribution;Industrials;1.0;-2.0;1.0;1.0;0.1812400635930048;2.0;2.0;0.13575859178541494;1.0;1.0;0.18182144781749596;2.0;2.0;0.19442097431176467;1.0;-1.0;0.19731993299832498;2.0;-2.0;0.19597551098433974;2.0;-2.0;0.11659071729957805;1.0;-1.0;0.1992115632631292;1.0;-1.0;0.1994453299302162;1.0;1.0;0.15802937457445776;2.0;2.0;0.19942774690091025;1.0;1.0;20.959241253458636
CCI;United States;REIT - Specialty;Real Estate;-1.0;-2.0;1.0;1.0;0.19791051555757438;2.0;2.0;0.1846102263202012;1.0;1.0;0.19205137416921142;2.0;2.0;0.19452186085223908;1.0;1.0;0.19433012054809568;2.0;2.0;0.19446230311445145;2.0;-2.0;0.1999662447257384;1.0;-1.0;0.1986428898882097;;;;1.0;1.0;0.19899815193074605;-2.0;2.0;0.1997869619046917;1.0;1.0;20.955280649011158
FI;United States;Information Technology Services;Technology;-1.0;-2.0;1.0;1.0;0.1918237565296389;2.0;2.0;0.1830008382229673;1.0;1.0;0.19093766840308965;2.0;2.0;0.19349534030291185;1.0;1.0;0.19476947579427192;2.0;2.0;0.19559720901686767;2.0;-2.0;0.1869367088607595;1.0;-1.0;0.19911470327486655;;;;1.0;1.0;0.19553545374963527;0.0;2.0;0.19984071305489257;;;20.931051867209902
PPG;United States;Specialty Chemicals;Basic Materials;1.0;0.0;1.0;-1.0;0.1592096297978651;2.0;-2.0;0.1495389773679799;1.0;1.0;0.18305191305909826;2.0;-2.0;0.19426964450105302;1.0;1.0;0.1952395859076805;2.0;2.0;0.1959533762947536;2.0;-2.0;0.16462447257383966;1.0;1.0;0.14671559017700586;1.0;1.0;0.1514633388838958;1.0;1.0;0.18696624841941448;0.0;2.0;0.19926649345030764;1.0;1.0;20.926299270432896
UDR;United States;REIT - Residential;Real Estate;-1.0;-2.0;1.0;1.0;0.1612536906654554;2.0;2.0;0.12895222129086337;1.0;1.0;0.13490210167055866;2.0;2.0;0.15580665094518079;1.0;1.0;0.16031523738913148;2.0;2.0;0.16219395018688723;2.0;-2.0;0.19368776371308016;-1.0;-1.0;0.19846219160439743;;;;1.0;1.0;0.19598288104270015;0.0;2.0;0.19955065349435738;1.0;1.0;20.69110734200261
HWM;United States;Aerospace & Defense;Industrials;-1.0;-2.0;1.0;1.0;0.190233931410402;2.0;2.0;0.19433361274098912;1.0;1.0;0.19923657266031974;2.0;2.0;0.19430999911724278;1.0;1.0;0.1937084328747563;2.0;2.0;0.1941182093036125;;;;;;;;;;;;;0.0;2.0;0.199609648659212;1.0;1.0;20.365550406766534
SNPS;United States;Software - Infrastructure;Technology;-1.0;-2.0;1.0;1.0;0.19645696116284353;2.0;2.0;0.17250628667225482;1.0;1.0;0.1918268367163643;2.0;2.0;0.1944260186387884;1.0;1.0;0.1972584232638603;2.0;2.0;0.19763158821428395;;;;;;;;;;;;;2.0;2.0;0.19571990078979778;;;20.345826015458194
NFLX;United States;Entertainment;Communication Services;-1.0;-2.0;1.0;1.0;0.1757438110379287;2.0;2.0;0.19497066219614417;1.0;1.0;0.18741692114244657;2.0;2.0;0.19242342081037117;1.0;1.0;0.1928099513963259;2.0;2.0;0.19431540926537985;;;;;;;;;;;;;2.0;2.0;0.1997469762929569;;;20.337427152141554
A;United States;Diagnostics & Research;Healthcare;-1.0;-2.0;1.0;1.0;0.17547126958891665;2.0;2.0;0.16543168482816428;1.0;1.0;0.19074007544458416;2.0;2.0;0.1985850662698463;1.0;-1.0;0.19920257022819016;2.0;2.0;0.1993118123783221;;;;;;;;;;;;;2.0;2.0;0.19880796991902097;1.0;1.0;20.327550448657043
CDNS;United States;Software - Application;Technology;-1.0;-2.0;1.0;1.0;0.19791051555757438;2.0;2.0;0.19010896898575022;1.0;1.0;0.198275552362134;2.0;2.0;0.19954601056786514;1.0;1.0;0.19960238350221052;2.0;2.0;0.19950901234008947;;;;;;;;;;;;;2.0;2.0;0.13782401250697496;;;20.3227764558226
MCD;United States;Restaurants;Consumer Cyclical;-1.0;-2.0;1.0;1.0;0.18855325914149446;2.0;2.0;0.16318524727577535;1.0;1.0;0.1882072929764685;2.0;2.0;0.1944764619090256;1.0;1.0;0.19410385259631494;2.0;2.0;0.18541927629626279;;;;;;;;;;;;;0.0;2.0;0.1993762900071204;1.0;1.0;20.31332168020246
DECK;United States;Footwear & Accessories;Consumer Cyclical;-1.0;-2.0;1.0;1.0;0.17020213490801728;2.0;2.0;0.155674769488684;1.0;1.0;0.18847673791988503;2.0;2.0;0.1968044188304728;1.0;1.0;0.1988335118214021;2.0;2.0;0.19906631854836684;;;;;;;;;;;;;2.0;2.0;0.19930189054922043;;;20.30835978206605
ADI;United States;Semiconductors;Technology;-1.0;-2.0;1.0;-1.0;0.17406313876902113;2.0;2.0;0.1422967309304275;1.0;1.0;0.1776270881983115;2.0;2.0;0.1935180397745186;1.0;1.0;0.18630529697668674;2.0;2.0;0.18751402282891397;;;;;;;;;;;;;2.0;2.0;0.19881026417543196;1.0;1.0;20.26013458165331
MAA;United States;REIT - Residential;Real Estate;-1.0;-2.0;1.0;1.0;0.17029298205768795;2.0;2.0;0.14813076278290024;1.0;1.0;0.1728219867073828;2.0;2.0;0.18738918244069766;1.0;1.0;0.1889106735865118;2.0;2.0;0.19003134070820948;;;;;;;;;;;;;0.0;2.0;0.199560813772749;1.0;1.0;20.257137742056138
CMG;United States;Restaurants;Consumer Cyclical;-1.0;-2.0;1.0;1.0;0.15257778787190554;2.0;2.0;0.1445766974015088;1.0;1.0;0.16798994072211246;2.0;2.0;0.19697592594927932;1.0;1.0;0.1959030123294066;2.0;2.0;0.19560928248391465;;;;;;;;;;;;;2.0;2.0;0.1995224669155935;;;20.253155113673717
EW;United States;Medical Devices;Healthcare;-1.0;-2.0;1.0;1.0;0.18501022030433797;2.0;2.0;0.10531433361274098;1.0;1.0;0.17309143165079938;2.0;2.0;0.19241080999281185;1.0;1.0;0.1934536068319741;2.0;2.0;0.1941906501058944;;;;;;;;;;;;;2.0;2.0;0.19071088354272522;;;20.23418193604128
VICI;United States;REIT - Diversified;Real Estate;-1.0;0.0;1.0;1.0;0.19863729275493983;2.0;2.0;0.09599329421626152;1.0;1.0;0.1728758756960661;2.0;2.0;0.18964147445678906;1.0;1.0;0.187594804624214;2.0;2.0;0.1885503287504465;;;;;;;;;;;;;-2.0;2.0;0.19647176139077827;1.0;1.0;20.229764831889497
TECH;United States;Biotechnology;Healthcare;-1.0;-2.0;1.0;-1.0;0.1961844197138315;2.0;2.0;0.10182732606873429;1.0;1.0;0.16215196694808695;2.0;2.0;0.1891219087733458;1.0;1.0;0.18775956284153006;2.0;2.0;0.18970133260892533;;;;;;;;;;;;;2.0;2.0;0.19828422395547834;1.0;1.0;20.225030740909933
CPT;United States;REIT - Residential;Real Estate;-1.0;-2.0;1.0;1.0;0.19259595730183968;2.0;2.0;0.11637887678122381;1.0;1.0;0.1600413148913239;2.0;2.0;0.1824079095047732;1.0;1.0;0.1852134991899388;2.0;2.0;0.18747981467228086;;;;;;;;;;;;;0.0;2.0;0.19936940723788737;1.0;1.0;20.223486779579268
NOW;United States;Software - Application;Technology;-1.0;-2.0;1.0;1.0;0.19541221894163072;2.0;2.0;0.12331936295054485;1.0;1.0;0.16798994072211246;2.0;2.0;0.1644147950111606;1.0;1.0;0.17171211247494303;2.0;2.0;0.17527756397679883;;;;;;;;;;;;;2.0;2.0;0.1985926375673016;;;20.196718631644494
ENPH;United States;Solar;Technology;-1.0;-2.0;1.0;1.0;0.16166250283897343;2.0;2.0;0.08164291701592623;1.0;1.0;0.16491826836716367;2.0;2.0;0.18959859767708742;1.0;1.0;0.1891083834472911;2.0;2.0;0.19396930321003308;;;;;;;;;;;;;2.0;2.0;0.19547867611572559;;;20.176378648672202
PSA;United States;REIT - Industrial;Real Estate;-1.0;-2.0;1.0;1.0;0.19295934590052238;2.0;2.0;0.06028499580888516;1.0;1.0;0.15305370935872104;2.0;2.0;0.18596668222000834;1.0;1.0;0.18400087871049237;2.0;2.0;0.1872967004220683;;;;;;;;;;;;;0.0;2.0;0.1973035932152283;1.0;1.0;20.160865905635927
HSIC;United States;Medical Distribution;Healthcare;1.0;0.0;1.0;1.0;0.19273222802634568;2.0;2.0;0.1547024308466052;1.0;1.0;0.18258487515717622;2.0;-2.0;0.1945193386887272;1.0;-1.0;0.19278359008155532;2.0;2.0;0.1937036869349995;2.0;-2.0;0.16307172995780592;1.0;-1.0;0.19791866971814281;1.0;0.0;0.19827111192901578;1.0;1.0;0.17194825406088904;0.0;2.0;0.19888892439523811;;;20.0411248397965
IDXX;United States;Diagnostics & Research;Healthcare;-1.0;-2.0;1.0;1.0;0.1994094935271406;2.0;2.0;0.173512154233026;1.0;1.0;0.1922489671277169;2.0;2.0;0.19708185681677745;1.0;1.0;0.19665650657659886;2.0;-2.0;0.19648460884482075;2.0;-2.0;0.07145991561181433;1.0;-1.0;0.19801588646510992;1.0;0.0;0.1976957664967336;1.0;1.0;0.1527964205816555;2.0;2.0;0.1984002477796924;;;19.973761824061086
BLK;United States;Asset Management;Financial Services;-1.0;-2.0;1.0;-1.0;0.19568476039064275;2.0;2.0;0.1612405699916178;1.0;1.0;0.18965331417280404;2.0;2.0;0.1988650264196628;1.0;1.0;0.19684323255622377;2.0;2.0;0.19697962099374697;;;;;;;;;;;;;2.0;2.0;-0.19999999999999998;1.0;1.0;19.939266524524697
PODD;United States;Medical Devices;Healthcare;-1.0;-2.0;1.0;1.0;0.16089030206677268;2.0;2.0;-0.031818943839061226;1.0;1.0;0.05601760373630321;2.0;2.0;-0.19999999999999998;1.0;1.0;-0.1997935030342972;2.0;2.0;-0.09612793850580778;2.0;-2.0;0.16931645569620252;1.0;-1.0;0.19987763176436804;1.0;-1.0;0.19984493478126222;1.0;1.0;0.17941834451901567;0.0;2.0;0.1969840360722658;;;19.634608923257026
FFIV;United States;Software - Infrastructure;Technology;0.0;-2.0;1.0;-1.0;0.19468544174426528;2.0;2.0;0.17150041911148367;1.0;1.0;0.19099155739177295;2.0;2.0;0.19493297350467234;1.0;1.0;0.19633358047065932;2.0;2.0;0.19671802920772904;;;;;;;;;;;;;2.0;2.0;0.193058563353023;;;19.338220564783608
STE;United States;Medical Devices;Healthcare;0.0;-2.0;1.0;-1.0;0.19064274358392008;2.0;2.0;0.15389773679798827;1.0;1.0;0.16332854320100593;2.0;2.0;0.1680567991222871;1.0;1.0;0.1686827580525579;2.0;2.0;0.17105185051035554;;;;;;;;;;;;;0.0;2.0;0.19913473758213235;1.0;1.0;19.214795168850248
WMT;United States;Discount Stores;Consumer Defensive;1.0;-2.0;1.0;-1.0;0.19064274358392008;2.0;-2.0;0.1627493713327745;1.0;-1.0;0.18689599425184122;2.0;2.0;0.1953491304841293;1.0;1.0;0.1964522063871269;2.0;2.0;0.19681059245508925;2.0;-2.0;0.17674261603375527;1.0;-1.0;0.19976775008339237;1.0;-1.0;0.19949541421350966;1.0;1.0;0.19291897675323413;2.0;2.0;0.19949198608041863;1.0;1.0;19.097316781659188
PWR;United States;Engineering & Construction;Industrials;1.0;-2.0;1.0;-1.0;0.18900749488984786;2.0;2.0;0.1922883487007544;1.0;1.0;0.19215017064846418;2.0;-2.0;0.19512970225859744;1.0;-1.0;0.1953428343905319;2.0;2.0;0.1970822454636463;2.0;-2.0;0.10916455696202532;1.0;-1.0;0.19946807277164055;1.0;-1.0;0.1994428346278457;1.0;1.0;0.12899523392666085;2.0;2.0;0.19733833481230936;1.0;1.0;18.99540982945232
WY;United States;REIT - Specialty;Real Estate;0.0;-2.0;1.0;-1.0;0.04301612536906657;2.0;2.0;0.06618608549874266;1.0;1.0;0.1496407400754446;2.0;2.0;0.1790710871785818;1.0;1.0;0.1749962929401104;2.0;2.0;0.17899619182726895;;;;;;;;;;;;;0.0;2.0;0.19768902829227844;1.0;1.0;18.98959555118149
CPAY;United States;Software - Infrastructure;Technology;-1.0;0.0;1.0;1.0;0.18210311151487624;2.0;2.0;0.19091366303436713;1.0;1.0;0.19787138494700918;2.0;-2.0;0.19924082878293;1.0;1.0;0.19893016997556087;2.0;2.0;0.19708023321913848;2.0;-2.0;0.15756962025316457;1.0;-1.0;0.19967784688986684;;;;1.0;1.0;0.1777453555101644;0.0;2.0;0.1996053878973058;;;18.900737602024385
DLR;United States;REIT - Specialty;Real Estate;-1.0;-2.0;1.0;-1.0;0.19073359073359075;2.0;2.0;0.07456831517183571;1.0;1.0;0.11830429315609846;2.0;2.0;0.15863147407846453;1.0;1.0;0.15938380426723786;2.0;2.0;0.16260444806648458;2.0;-2.0;0.188084388185654;1.0;-1.0;0.1976061490930302;;;;1.0;1.0;0.19415426514930456;-2.0;2.0;0.1980593868271991;1.0;1.0;18.6421301147289
INVH;United States;REIT - Residential;Real Estate;-1.0;-2.0;1.0;1.0;0.19268680445151035;2.0;2.0;0.18896898575020957;1.0;1.0;0.19469193461469375;2.0;2.0;0.19905923301007605;1.0;1.0;0.19826674355383475;2.0;2.0;0.19821715136606252;;;;;;;;;;;;;-2.0;2.0;0.19997902394138503;1.0;1.0;18.37186987668777
MSCI;United States;Financial Data & Stock Exchanges;Financial Services;-1.0;-2.0;1.0;-1.0;0.1991823756529639;2.0;2.0;0.18437552388935458;1.0;1.0;0.19596730734686546;2.0;2.0;0.19825214068628072;1.0;1.0;0.19655325809374743;2.0;2.0;0.1675384715996841;;;;;;;;;;;;;0.0;2.0;0.1997453375383776;1.0;1.0;18.34161441480727
FRT;United States;REIT - Retail;Real Estate;-1.0;-2.0;1.0;1.0;0.1970020440608676;2.0;2.0;0.15755238893545684;1.0;1.0;0.17978264774564398;2.0;2.0;0.1879541470673544;1.0;1.0;0.18781887579976386;2.0;2.0;0.1901460386451558;;;;;;;;;;;;;-2.0;2.0;0.199586378344186;1.0;1.0;18.29984252059843
SPG;United States;REIT - Retail;Real Estate;-1.0;-2.0;1.0;1.0;0.1994094935271406;2.0;2.0;0.1485666387259011;1.0;1.0;0.1759655110472427;2.0;2.0;0.18974488316077534;1.0;1.0;0.18903588983167205;2.0;2.0;0.19168138120463019;;;;;;;;;;;;;-2.0;2.0;0.19950444061522127;1.0;1.0;18.293908238112586
JNPR;United States;Communication Equipment;Technology;1.0;-2.0;1.0;-1.0;0.18864410629116513;2.0;-2.0;0.13455155071248953;1.0;1.0;0.1719597628884498;2.0;2.0;0.1890336330504307;1.0;1.0;0.18991240354779362;2.0;2.0;0.19108978131932813;;;;;;;;;;;;;2.0;2.0;0.1995919501097556;1.0;1.0;18.264783187919413
REG;United States;REIT - Retail;Real Estate;-1.0;-2.0;1.0;1.0;0.18909834203951853;2.0;2.0;0.13958088851634534;1.0;1.0;0.1463714747619903;2.0;2.0;0.1281435615470951;1.0;1.0;0.12566987945190433;2.0;2.0;0.13400642912120253;;;;;;;;;;;;;-2.0;2.0;0.19928746950892262;1.0;1.0;18.06215804494698
RMD;United States;Medical Instruments & Supplies;Healthcare;-1.0;-2.0;1.0;-1.0;0.19432205314558257;2.0;-2.0;0.19098072087175189;1.0;-1.0;0.1985988862942339;2.0;2.0;0.19444871811039513;1.0;1.0;0.19430815278578686;2.0;2.0;0.19460718471901522;2.0;-2.0;-0.0015864978902953852;1.0;-1.0;0.19971994441699387;1.0;0.0;0.19992300209828193;1.0;1.0;0.15708588658690792;2.0;2.0;0.1981033054499242;1.0;1.0;17.920511356588577
TDG;United States;Aerospace & Defense;Industrials;-1.0;-2.0;1.0;1.0;0.18491937315466728;2.0;2.0;0.1913160100586756;1.0;1.0;0.19755703251302317;2.0;2.0;0.19850435703746677;1.0;1.0;0.19684103577999287;2.0;-2.0;0.07696935854675706;2.0;-2.0;0.17924050632911392;1.0;-1.0;0.19996860523400697;1.0;0.0;0.19996363987974425;1.0;1.0;-0.20000000000000004;0.0;2.0;0.199739765772808;;;17.625019684306256
CRM;United States;Software - Application;Technology;-1.0;-2.0;1.0;1.0;0.19295934590052238;2.0;2.0;0.11155071248952221;1.0;1.0;0.1198670738279145;2.0;2.0;-0.011402701237121171;1.0;1.0;-0.0019210808139055735;2.0;2.0;0.02228460180196501;;;;;;;;;;;;;2.0;-2.0;0.06954956372256213;1.0;1.0;17.502887515691455
BR;United States;Information Technology Services;Technology;0.0;-2.0;1.0;1.0;0.1865546218487395;2.0;2.0;0.1916848281642917;1.0;1.0;0.19066822345967308;2.0;-2.0;0.19747783648813955;1.0;1.0;0.19856989867369637;2.0;2.0;0.1990039389686241;;;;;;;;;;;;;0.0;2.0;0.19988889243952382;1.0;1.0;17.36384824004269
TDY;United States;Scientific & Technical Instruments;Technology;0.0;-2.0;1.0;1.0;0.19073359073359075;2.0;2.0;0.17968147527242248;1.0;1.0;0.18262978264774565;2.0;2.0;0.1922292142199579;1.0;1.0;0.18781008869484034;2.0;2.0;0.1895926714055025;;;;;;;;;;;;;2.0;-2.0;0.16907080157222115;;;17.291747624546282
KO;United States;Beverages - Non-Alcoholic;Consumer Defensive;-1.0;-2.0;1.0;1.0;0.18914376561435386;2.0;-2.0;0.16187761944677284;1.0;-1.0;0.18953655469732353;2.0;2.0;0.19777292961902723;1.0;1.0;0.19866436005162424;2.0;2.0;0.19884899614152118;2.0;-2.0;0.18555274261603374;1.0;-1.0;0.19915020076596096;1.0;-1.0;0.1991954432213997;1.0;1.0;0.1929578834743702;0.0;2.0;0.19964439025629305;1.0;1.0;17.112344885904676
QCOM;United States;Semiconductors;Technology;0.0;0.0;1.0;-1.0;0.19150579150579153;2.0;-2.0;0.13475272422464374;1.0;-1.0;0.17830968205496678;2.0;2.0;0.19374503449058605;1.0;1.0;0.19280116429140237;2.0;-2.0;0.19408802563599506;2.0;-2.0;0.17876793248945147;1.0;-1.0;0.19888388039307675;1.0;0.0;0.19875983472186512;1.0;1.0;0.19303569691664238;2.0;2.0;0.19960604339913754;1.0;1.0;17.054255810123557
YUM;United States;Restaurants;Consumer Cyclical;-1.0;-2.0;1.0;1.0;0.19781966840790371;2.0;2.0;0.16563285834031852;1.0;1.0;0.19088377941440632;2.0;2.0;0.1929581194748856;1.0;1.0;0.19245407364692316;-2.0;2.0;0.19273579732673318;-2.0;-2.0;0.17232067510548524;1.0;1.0;0.19374976587710022;;;;1.0;1.0;0.1939208248224881;0.0;2.0;0.199586378344186;1.0;1.0;16.89206194076043
NSC;United States;Railroads;Industrials;-1.0;0.0;1.0;-1.0;0.1598001362707245;2.0;-2.0;0.14454316848281643;1.0;-1.0;0.1790371834021915;2.0;-2.0;0.19254952898596417;1.0;1.0;0.1916654309800368;2.0;2.0;0.1920415729715318;2.0;-2.0;0.19750210970464135;1.0;1.0;-0.04006828361603482;1.0;1.0;-0.052402330077706394;1.0;1.0;0.19863826476023735;0.0;2.0;0.19915636914257903;1.0;1.0;16.56246315100698
V;United States;Credit Services;Financial Services;-1.0;-2.0;1.0;1.0;0.1972291619350443;2.0;-2.0;0.18353730092204526;1.0;-1.0;0.19635351176576255;2.0;2.0;0.19956618787596003;1.0;1.0;0.1993607381168136;2.0;2.0;0.19893552265535788;;;;;;;;;;;;;2.0;2.0;0.19819999197010257;1.0;1.0;16.373182415241086
GOOGL;United States;Internet Content & Information;Communication Services;-1.0;-2.0;1.0;1.0;0.18428344310697253;2.0;-2.0;0.13961441743503772;1.0;1.0;0.17801329261720855;2.0;2.0;0.19352812842856604;1.0;1.0;0.19205645714913366;2.0;2.0;0.19279817690647594;;;;;;;;;;;;;2.0;0.0;0.1791006350993372;1.0;1.0;16.259394550742734
GOOG;United States;Internet Content & Information;Communication Services;-1.0;-2.0;1.0;1.0;0.18428344310697253;2.0;-2.0;0.13961441743503772;1.0;1.0;0.17801329261720855;2.0;2.0;0.19352812842856604;1.0;1.0;0.19205645714913366;2.0;2.0;0.19279817690647594;;;;;;;;;;;;;2.0;0.0;0.1791006350993372;1.0;1.0;16.259394550742734
MSFT;United States;Software - Infrastructure;Technology;-1.0;-2.0;1.0;1.0;0.19718373836020897;2.0;2.0;0.18430846605196982;1.0;1.0;0.19862583078857554;2.0;-2.0;0.19875405122514095;1.0;-1.0;0.19839635335145675;2.0;-2.0;0.1987242369820357;2.0;-2.0;0.18173839662447258;1.0;-1.0;0.19825634183192029;1.0;0.0;0.1982527536330043;1.0;1.0;0.19594397432156407;2.0;2.0;0.19858444379440515;1.0;1.0;16.148768586964756
PG;United States;Household & Personal Products;Consumer Defensive;-1.0;-2.0;1.0;1.0;0.17347263229616172;2.0;-2.0;0.19453478625314333;1.0;-1.0;0.19914675767918089;2.0;-2.0;0.19983353720821723;1.0;1.0;0.1994749704808194;2.0;2.0;0.1995713919198322;2.0;-2.0;0.18153586497890295;1.0;-1.0;0.19954459751374862;1.0;0.0;0.19943909167428997;1.0;1.0;0.19286061667153004;2.0;2.0;0.19965913904750668;1.0;1.0;16.139073385723332
GIS;United States;Packaged Foods;Consumer Defensive;1.0;0.0;1.0;-1.0;0.17628889393595276;2.0;-2.0;0.18665549036043588;1.0;-1.0;0.19672175318843185;2.0;-2.0;0.1979545253918812;1.0;1.0;0.19784496251750558;2.0;2.0;0.1986175880231207;2.0;-2.0;0.17964556962025316;1.0;-1.0;0.19967356578541323;1.0;0.0;0.19972337790864253;1.0;1.0;0.1894757319326914;0.0;2.0;0.19974238778013487;1.0;1.0;16.122343846444465
TFX;United States;Medical Instruments & Supplies;Healthcare;0.0;-2.0;1.0;1.0;0.18914376561435386;2.0;2.0;0.1562782900251467;1.0;1.0;0.18244117118735406;2.0;-2.0;0.19417380228760234;1.0;1.0;0.19302303869072138;2.0;-2.0;0.19485670303798616;2.0;-2.0;0.16351054852320673;1.0;-1.0;0.19983053961537847;1.0;-1.0;0.19992068503179505;1.0;1.0;0.18959245209609962;0.0;2.0;0.1990793476773522;1.0;1.0;16.061850343786997
KIM;United States;REIT - Retail;Real Estate;-1.0;-2.0;1.0;1.0;0.1943674767204179;2.0;-2.0;0.014953897736797978;1.0;1.0;0.08336626549308425;2.0;2.0;0.14449726975799843;1.0;1.0;0.15145783562621853;2.0;2.0;0.15372441305343015;;;;;;;;;;;;;0.0;2.0;0.19836714493719065;1.0;1.0;15.940734303325137
KMI;United States;Oil & Gas Midstream;Energy;-1.0;0.0;1.0;-1.0;0.09548035430388373;2.0;-2.0;0.12341994970662196;1.0;1.0;0.18014190767019939;2.0;2.0;0.08916352447129149;1.0;1.0;0.05829035889831674;2.0;2.0;0.06913569067777428;2.0;-2.0;0.19554430379746834;-1.0;-1.0;0.19963592774209202;0.0;-1.0;0.1996285564185638;1.0;1.0;0.19770450345297153;0.0;2.0;0.1996965026519146;1.0;1.0;15.607841579791096
AZO;United States;Specialty Retail;Consumer Cyclical;0.0;-2.0;1.0;1.0;0.1945945945945946;2.0;2.0;0.19560771165129925;1.0;1.0;0.19954194359619185;2.0;-2.0;0.19961915330970909;1.0;1.0;0.1994310349562018;2.0;2.0;0.19920918790842276;;;;;;;;;;;;;0.0;2.0;0.1998508733332842;;;15.387854499349704
PEP;United States;Beverages - Non-Alcoholic;Consumer Defensive;1.0;0.0;1.0;-1.0;0.19191460367930957;2.0;-2.0;0.18883487007544006;1.0;-1.0;0.19725166157715107;2.0;-2.0;0.19858758843335816;1.0;1.0;0.1980888046791334;2.0;2.0;0.19861155128959723;2.0;-2.0;0.18423628691983124;1.0;-1.0;0.1996332520518085;1.0;-1.0;0.19968042306069334;1.0;1.0;0.19219920241221672;0.0;2.0;0.19983219153108023;1.0;1.0;15.148870435709618
SRE;United States;Utilities - Diversified;Utilities;-1.0;-2.0;1.0;-1.0;0.15825573472632298;2.0;2.0;0.11862531433361274;1.0;1.0;0.15961020298185738;2.0;-2.0;0.18740179325825695;1.0;1.0;0.18890847681028092;2.0;2.0;0.18944175306741526;2.0;-2.0;0.1819071729957806;1.0;-1.0;0.19964324129553357;1.0;-1.0;0.19961091106608675;1.0;1.0;0.1916836883571637;-2.0;2.0;0.19920028776530413;1.0;1.0;14.974288576657614
EXR;United States;REIT - Industrial;Real Estate;-1.0;-2.0;1.0;1.0;0.18800817624347038;2.0;2.0;0.15574182732606873;1.0;1.0;0.18275552362134004;2.0;2.0;0.19155579656229116;1.0;-1.0;0.19010791663234206;2.0;-2.0;0.1911340506985004;2.0;-2.0;0.12074261603375526;1.0;-1.0;0.19871210107687617;;;;1.0;1.0;0.17199688746230912;-2.0;2.0;0.1993644909741495;1.0;1.0;14.790119386631103
CBRE;United States;Real Estate Services;Real Estate;1.0;-2.0;1.0;-1.0;0.16434249375425847;2.0;-2.0;0.14129086336965632;1.0;-1.0;0.17523800970001796;2.0;2.0;0.18324022346368718;1.0;1.0;0.18703682346157016;2.0;2.0;0.18908759803403713;2.0;-2.0;0.1191223628691983;1.0;-1.0;0.19947841877407008;;;;1.0;1.0;0.1668709269526311;0.0;2.0;0.1982724249225074;;;14.723980145301633
AMAT;United States;Semiconductor Equipment & Materials;Technology;-1.0;-2.0;1.0;1.0;0.19477628889393597;2.0;2.0;0.1984576697401509;1.0;1.0;0.19940722112448359;2.0;2.0;0.19966707441643444;1.0;-1.0;0.19871488590493452;2.0;-2.0;0.1987161880040044;;;;;;;;;;;;;2.0;0.0;0.18620365294783273;1.0;1.0;14.375942981031779
GRMN;Switzerland;Scientific & Technical Instruments;Technology;-1.0;-2.0;1.0;-1.0;0.197456279809221;2.0;-2.0;0.1859178541492037;1.0;-1.0;0.19611101131668762;2.0;2.0;0.19631007478214815;1.0;1.0;0.197634071999341;2.0;2.0;0.1978891555112862;;;;;;;;;;;;;2.0;2.0;0.19944872295952523;1.0;1.0;14.370767170527413
O;United States;REIT - Retail;Real Estate;-1.0;-2.0;1.0;-1.0;0.19913695207812857;2.0;2.0;0.18447611064543168;1.0;-1.0;0.19610202981857375;2.0;2.0;0.1912405261233086;1.0;1.0;0.18464233736990968;2.0;2.0;0.18557421912336572;;;;;;;;;;;;;-2.0;2.0;0.1990072424758632;1.0;1.0;14.34017941763458
VRSK;United States;Consulting Services;Industrials;-1.0;-2.0;1.0;1.0;0.19650238473767886;2.0;-2.0;0.12110645431684829;1.0;1.0;0.17133105802047782;2.0;-2.0;0.19148013165693534;1.0;1.0;0.19350413268528435;2.0;2.0;0.1909750833823818;;;;;;;;;;;;;2.0;2.0;0.1996807706079534;1.0;1.0;14.264580015407558
MOH;United States;Healthcare Plans;Healthcare;1.0;2.0;1.0;-1.0;0.16234385646150354;2.0;-2.0;0.12680637049455157;1.0;-1.0;0.1786599604814083;2.0;2.0;0.19375260098112163;1.0;1.0;0.1960677705467227;2.0;-2.0;0.1961203925889035;;;;;;;;;;;;;2.0;2.0;0.1992183140656764;;;14.252969265619887
CSX;United States;Railroads;Industrials;-1.0;0.0;1.0;-1.0;0.19068816715875542;2.0;-2.0;0.1831014249790444;1.0;-1.0;0.1938566552901024;2.0;-2.0;0.19717265470320444;1.0;1.0;0.19607655765164622;2.0;2.0;0.19681864143312056;2.0;-2.0;0.1870717299578059;1.0;-1.0;0.19883875041696175;1.0;0.0;0.19883308967002744;1.0;1.0;0.19330804396459492;0.0;2.0;0.19963062471782697;1.0;1.0;14.135396339943092
UNP;United States;Railroads;Industrials;-1.0;0.0;1.0;-1.0;0.18382920735861913;2.0;-2.0;0.1878290025146689;1.0;-1.0;0.19611101131668762;2.0;-2.0;0.19821178607009093;1.0;1.0;0.19746272345333224;2.0;2.0;0.19646448639974246;2.0;-2.0;0.17873417721518986;1.0;-1.0;0.19925259051414282;1.0;0.0;0.19922627802926365;1.0;1.0;0.18737476899134328;0.0;2.0;0.1999491986080419;1.0;1.0;14.124445230471125
TXN;United States;Semiconductors;Technology;-1.0;-2.0;1.0;-1.0;0.1743811037928685;2.0;2.0;0.17565800502933782;1.0;1.0;0.19038081552002875;2.0;-2.0;0.1974173045638549;1.0;-1.0;0.19574923799324492;2.0;-2.0;0.1967140047187134;2.0;-2.0;0.17336708860759495;1.0;-1.0;0.19963931694978446;1.0;0.0;0.19947580826631292;1.0;1.0;0.1894368252115553;2.0;2.0;0.19839402051229107;1.0;1.0;14.090613531165586
SHW;United States;Specialty Chemicals;Basic Materials;0.0;-2.0;1.0;-1.0;0.16307063365886898;2.0;-2.0;0.1623134953897737;1.0;1.0;0.18941081372372912;2.0;-2.0;0.19702636921951652;1.0;1.0;0.19788230771343054;2.0;2.0;0.1995311470296756;2.0;-2.0;0.17120675105485234;1.0;-1.0;0.19920478484774432;1.0;-1.0;0.1992674505183768;1.0;1.0;0.18204454819570082;0.0;2.0;0.19940119907672568;1.0;1.0;14.060359500428394
GD;United States;Aerospace & Defense;Industrials;1.0;-2.0;1.0;-1.0;0.18714512832159894;2.0;-2.0;0.18823134953897738;1.0;-1.0;0.1976109215017065;2.0;-2.0;0.19879692800484258;1.0;-1.0;0.19902463135348877;2.0;-2.0;0.19908241650442948;2.0;-2.0;0.18663291139240507;1.0;1.0;0.1984561267064215;1.0;1.0;0.19849426325529126;1.0;1.0;0.1972376227993386;2.0;2.0;0.19987119389006744;1.0;1.0;13.150583493268567
WEC;United States;Utilities - Regulated Electric;Utilities;-1.0;0.0;1.0;1.0;0.1468998410174881;2.0;2.0;0.1698910310142498;1.0;-1.0;0.19387461828633018;2.0;-2.0;0.19906679950061165;1.0;-1.0;0.19897190872394763;2.0;2.0;0.1991045511940156;2.0;-2.0;0.2;-1.0;-1.0;0.1993512342959278;0.0;0.0;0.19928331351201778;1.0;1.0;0.2;-2.0;2.0;0.19995083736262118;1.0;1.0;13.106394134907209
ANET;United States;Computer Hardware;Technology;0.0;2.0;1.0;-1.0;0.19014308426073134;2.0;2.0;0.19259010896898576;1.0;1.0;0.19806897790551464;2.0;2.0;0.19885493776561536;;;;;;;;;;;;;;;;;;;;;;;;12.779657108900846
NDAQ;United States;Financial Data & Stock Exchanges;Financial Services;-1.0;-2.0;1.0;1.0;0.17569838746309335;2.0;2.0;0.15755238893545684;1.0;1.0;0.1902191485539788;2.0;2.0;0.1965622911333342;1.0;-1.0;0.1954834280693083;2.0;-2.0;0.1965811965811966;;;;;;;;;;;;;-2.0;2.0;0.19886499857838041;1.0;1.0;12.31096183931475
CSGP;United States;Real Estate Services;Real Estate;-1.0;-2.0;1.0;-1.0;0.19800136270724508;2.0;-2.0;0.11688181056160939;1.0;-1.0;0.17461828633015988;2.0;2.0;0.19750558028677;1.0;1.0;0.19778125600681;2.0;2.0;0.19806623302797524;;;;;;;;;;;;;2.0;2.0;0.19882402971389804;;;12.281678558634468
DXCM;United States;Medical Devices;Healthcare;-1.0;-2.0;1.0;-1.0;0.18419259595730186;2.0;2.0;0.12274937133277451;1.0;1.0;0.17304652416022992;2.0;-2.0;0.18867800799525836;1.0;1.0;0.18966416783370404;2.0;2.0;0.190866422178959;;;;;;;;;;;;;0.0;2.0;0.19966962707681418;;;12.248866716535042
PYPL;United States;Credit Services;Financial Services;1.0;0.0;1.0;-1.0;0.18133091074267546;2.0;-2.0;0.12264878457669741;1.0;-1.0;0.17070235315250584;2.0;-2.0;0.1884711905872858;1.0;1.0;0.19000027459702887;2.0;2.0;0.19117630783316483;;;;;;;;;;;;;2.0;2.0;0.19880075939887207;;;12.243130580888229
LNT;United States;Utilities - Regulated Electric;Utilities;-1.0;-2.0;1.0;1.0;0.18187599364069953;2.0;2.0;0.18182732606873428;1.0;1.0;0.19503323154302138;2.0;-2.0;0.1981184660201521;1.0;-1.0;0.19938490265535327;2.0;2.0;0.19924138382054807;2.0;-2.0;0.1969282700421941;-1.0;-1.0;0.19944809428419044;0.0;-1.0;0.1994644011697621;1.0;1.0;0.19826865090944462;-2.0;2.0;0.1999249450402683;1.0;1.0;12.149515665194368
XEL;United States;Utilities - Regulated Electric;Utilities;0.0;0.0;1.0;-1.0;0.16525096525096528;2.0;-2.0;0.17438390611902765;1.0;-1.0;0.1923836895994252;2.0;-2.0;0.19813612116473514;1.0;1.0;0.19971441908998547;2.0;2.0;0.19972029801341162;2.0;-2.0;0.19358649789029536;1.0;-1.0;0.19981948009554001;1.0;-1.0;0.1998222988240442;1.0;1.0;0.19685828226826185;-2.0;2.0;0.19987840441021634;1.0;1.0;12.119554362725907
MPWR;United States;Semiconductors;Technology;-1.0;-2.0;1.0;1.0;0.18610038610038612;2.0;2.0;0.14719195305951382;1.0;1.0;0.18446200826297826;2.0;2.0;0.19730632936933304;;;;;;;;;;;;;;;;;;;;;;1.0;1.0;11.715060676792211
GEN;United States;Software - Infrastructure;Technology;-1.0;0.0;1.0;-1.0;0.1952759482171247;2.0;-2.0;0.18672254819782064;1.0;-1.0;0.19210526315789475;2.0;2.0;0.1885594663102009;1.0;-1.0;0.19168080841365298;2.0;-2.0;0.19283037281860121;2.0;-2.0;0.16661603375527426;1.0;-1.0;0.19870443076473016;;;;1.0;1.0;0.1768310475634666;0.0;2.0;0.19496705693606975;1.0;1.0;10.884292976134835
FICO;United States;Software - Application;Technology;-1.0;-2.0;1.0;1.0;0.19336815807404045;2.0;2.0;0.1889019279128248;1.0;1.0;0.197494162026226;2.0;2.0;0.19837572669836187;1.0;1.0;0.19969025455144576;-2.0;-2.0;0.18269469723266077;-2.0;-2.0;0.13650632911392405;1.0;1.0;0.19523156315610157;;;;1.0;1.0;0.11238206400155627;0.0;2.0;0.19909770172864028;;;10.803742584495783
PFE;United States;Drug Manufacturers - General;Healthcare;0.0;0.0;1.0;-1.0;0.14817170111287759;2.0;-2.0;0.08372170997485331;1.0;-1.0;0.14858092329800612;2.0;-2.0;0.18719497585028438;1.0;1.0;0.18227421259301976;2.0;2.0;0.18477133356474149;2.0;-2.0;0.102042194092827;1.0;-1.0;0.1986923009687783;1.0;0.0;0.19848428204580928;1.0;1.0;0.14026845637583896;-2.0;0.0;0.18779521139524386;1.0;1.0;10.761997301272281
SBAC;United States;REIT - Specialty;Real Estate;-1.0;-2.0;1.0;1.0;0.18923461276402453;2.0;2.0;0.18705783738474435;1.0;1.0;0.18117477995329623;2.0;2.0;0.11071036735311553;1.0;1.0;0.11881154405909329;-2.0;2.0;0.12969620138543037;-2.0;-2.0;0.19179746835443037;-1.0;-1.0;0.19915180618013106;;;;1.0;1.0;0.19748078980643907;-2.0;2.0;0.1999560813772749;1.0;1.0;10.705071488617978
ADBE;United States;Software - Infrastructure;Technology;-1.0;-2.0;1.0;1.0;0.19659323188734956;2.0;2.0;0.18447611064543168;1.0;1.0;0.19506017603736303;2.0;-2.0;0.19705663518165886;1.0;-1.0;0.19813713375621278;2.0;-2.0;0.19833788603653232;;;;;;;;;;;;;2.0;2.0;0.18650059527760093;;;10.356161768822147
KLAC;United States;Semiconductor Equipment & Materials;Technology;-1.0;-2.0;1.0;1.0;0.19404951169657053;2.0;-2.0;0.1831349538977368;1.0;-1.0;0.19462906412789654;2.0;-2.0;0.19625206502137535;1.0;-1.0;0.19509020512398056;2.0;2.0;0.18982407952390298;;;;;;;;;;;;;2.0;2.0;0.1986096806149263;1.0;1.0;10.351589560006389
FDS;United States;Financial Data & Stock Exchanges;Financial Services;-1.0;-2.0;1.0;1.0;0.1944583238700886;2.0;2.0;0.167476948868399;1.0;1.0;0.1888809053350099;2.0;-2.0;0.1975257575948649;1.0;-1.0;0.19391712661669003;2.0;-2.0;0.19797366978061506;;;;;;;;;;;;;2.0;0.0;0.18727867595185013;1.0;1.0;10.327511408017518
AVB;United States;REIT - Residential;Real Estate;-1.0;-2.0;1.0;1.0;0.19155121508062686;2.0;-2.0;0.1590276613579212;1.0;-1.0;0.18589904796119994;2.0;-2.0;0.19537687428275977;1.0;1.0;0.19677732926929734;2.0;2.0;0.19667174758404896;;;;;;;;;;;;;0.0;2.0;0.19971485670320271;1.0;1.0;10.325018732239057
HII;United States;Aerospace & Defense;Industrials;1.0;2.0;1.0;-1.0;0.15275948217124688;2.0;-2.0;0.17015926236378875;1.0;-1.0;0.18834201544817677;2.0;-2.0;0.19661777873059513;1.0;-1.0;0.19509240190021146;2.0;-2.0;0.19701785363939575;;;;;;;;;;;;;2.0;2.0;0.19733309079765562;1.0;1.0;10.29732188505107
DHI;United States;Residential Construction;Consumer Cyclical;1.0;2.0;1.0;-1.0;0.1517147399500341;2.0;-2.0;0.14450963956412405;1.0;-1.0;0.18555775103287228;2.0;-2.0;0.19590905078376233;1.0;-1.0;0.19704313919323393;2.0;-2.0;0.19726938420287451;;;;;;;;;;;;;2.0;2.0;0.19890334543553592;1.0;1.0;10.270907050162437
NDSN;United States;Specialty Industrial Machinery;Industrials;-1.0;-2.0;1.0;-1.0;0.19350442879854646;2.0;2.0;0.2;1.0;-1.0;0.1993263876414586;2.0;-2.0;0.1989104253628763;1.0;-1.0;0.19633138369442843;2.0;-2.0;0.19802598813781866;2.0;-2.0;0.12756118143459916;1.0;-1.0;0.19738513707561325;1.0;0.0;0.1974963205429778;1.0;1.0;0.15143468534189283;0.0;2.0;0.19788338458538282;1.0;1.0;10.057859322615593
PAYC;United States;Software - Application;Technology;-1.0;-2.0;1.0;-1.0;0.1994094935271406;2.0;2.0;0.17813914501257336;1.0;1.0;0.19388359978444406;2.0;2.0;0.19868595281032073;;;;;;;;;;;;;;;;;;;;;;1.0;1.0;9.770118191134479
ISRG;United States;Medical Instruments & Supplies;Healthcare;-1.0;-2.0;1.0;1.0;0.1843742902566432;2.0;2.0;0.1469907795473596;1.0;1.0;0.1813095024250045;2.0;2.0;0.19412083685385326;;;;;;;;;;;;;;;;;;;;;;;;9.706795409082861
ACN;Ireland;Information Technology Services;Technology;0.0;-2.0;1.0;1.0;0.1964115375880082;2.0;-2.0;0.1800167644593462;1.0;-1.0;0.19726962457337885;2.0;-2.0;0.1989987010857914;1.0;-1.0;0.1989411538567153;2.0;-2.0;0.19909448997147647;2.0;-2.0;0.034902953586497865;1.0;-1.0;0.19894060502708694;;;;1.0;1.0;-0.02933566773660151;2.0;2.0;0.19844842716432368;1.0;1.0;9.573688589576022
AVY;United States;Packaging & Containers;Consumer Cyclical;1.0;0.0;1.0;-1.0;0.19050647285941405;2.0;-2.0;0.17418273260687345;1.0;-1.0;0.19074007544458416;2.0;-2.0;0.19600993732423674;1.0;-1.0;0.1963379740231211;2.0;-2.0;0.19632765377321001;2.0;-2.0;0.18521518987341773;1.0;-1.0;0.19953692720160257;1.0;-1.0;0.1994613711597408;1.0;1.0;0.19206302888824045;0.0;2.0;0.19953950996321818;1.0;1.0;9.119920873117659
EFX;United States;Consulting Services;Industrials;-1.0;-2.0;1.0;-1.0;0.18660004542357486;2.0;2.0;0.1774685666387259;1.0;-1.0;0.19107239087479794;2.0;-2.0;0.19542479538948512;1.0;-1.0;0.19556251201362002;2.0;-2.0;0.1951323805355589;2.0;-2.0;0.18133333333333335;1.0;-1.0;0.19972565255626534;;;;1.0;1.0;0.1899328859060403;0.0;2.0;0.19936711298147636;1.0;1.0;8.911619675652876
AJG;United States;Insurance Brokers;Financial Services;-1.0;-2.0;1.0;1.0;0.16815807404042699;2.0;-2.0;0.15228834870075442;1.0;1.0;0.183465061972337;2.0;-2.0;0.1954903716407935;1.0;-1.0;0.196302825603427;2.0;-2.0;0.1968669353013085;2.0;-2.0;0.18011814345991561;1.0;-1.0;0.19989118859513777;;;;1.0;1.0;0.19465032584378952;0.0;2.0;0.1990999959850513;1.0;1.0;8.866331271142942
JKHY;United States;Information Technology Services;Technology;-1.0;-2.0;1.0;1.0;0.1864183511242335;2.0;-2.0;0.19336127409891032;1.0;1.0;0.196631938207293;2.0;-2.0;0.19885998209263908;1.0;-1.0;0.19831287585468327;2.0;-2.0;0.19859947782255025;;;;;;;;;;;;;2.0;2.0;0.19524892272370845;1.0;1.0;8.367432821924018
WAT;United States;Diagnostics & Research;Healthcare;-1.0;-2.0;1.0;1.0;0.19418578242107656;2.0;2.0;0.18752724224643755;1.0;1.0;0.19525776899586852;2.0;-2.0;0.19768213173260024;1.0;-1.0;0.19506823736167175;2.0;-2.0;0.19561129472842248;;;;;;;;;;;;;0.0;2.0;0.19874143648310158;;;8.364073893969179
VRSN;United States;Software - Infrastructure;Technology;-1.0;-2.0;1.0;1.0;0.1987281399046105;2.0;2.0;0.1922883487007544;1.0;1.0;0.1984102748338423;2.0;-2.0;0.19626719800244652;1.0;1.0;0.1971068457039295;-2.0;-2.0;0.16490846802795012;;;;;;;;;;;;;2.0;2.0;0.19965160077644192;;;8.347360875949974
CHRW;United States;Integrated Freight & Logistics;Industrials;1.0;-2.0;1.0;-1.0;0.1578469225528049;2.0;-2.0;0.13123218776194467;1.0;-1.0;0.1779953296209808;2.0;-2.0;0.19252430735084558;1.0;-1.0;0.19114479501331796;2.0;2.0;0.19051025490107307;;;;;;;;;;;;;0.0;2.0;0.19868014706183595;1.0;1.0;8.239933944262802
FTNT;United States;Software - Infrastructure;Technology;-1.0;-2.0;1.0;-1.0;0.19391324097206453;2.0;2.0;0.16888516345347862;1.0;1.0;0.19126100233518953;2.0;2.0;0.19843625862264652;;;;;;;;;;;;;;;;;;;;;;;;7.75249566538338
ORLY;United States;Specialty Retail;Consumer Cyclical;0.0;-2.0;1.0;-1.0;0.19464001816942994;2.0;-2.0;0.1883319362950545;1.0;-1.0;0.19677564217711516;2.0;-2.0;0.19849679054693117;1.0;1.0;0.1974561331246396;2.0;2.0;0.19870813902597306;;;;;;;;;;;;;0.0;2.0;0.1995368879558913;;;7.373945547295034
INTU;United States;Software - Application;Technology;;;1.0;-1.0;0.19282307517601638;2.0;-2.0;0.17260687342833195;1.0;-1.0;0.18818034848212684;2.0;-2.0;0.19636304021589723;1.0;-1.0;0.19447510777933386;2.0;-2.0;0.19620490685823236;;;;;;;;;;;;;2.0;2.0;0.12070558217166119;1.0;1.0;7.261358934111599
WELL;United States;REIT - Healthcare Facilities;Real Estate;-1.0;-2.0;1.0;-1.0;0.1844651374063139;2.0;2.0;0.18437552388935458;1.0;1.0;0.18323154302137598;2.0;-2.0;0.17846324577222344;1.0;-1.0;0.18232473844633001;2.0;-2.0;0.1847934682543276;;;;;;;;;;;;;-2.0;2.0;0.19972993324533223;1.0;1.0;6.297383590035257
AEP;United States;Utilities - Regulated Electric;Utilities;0.0;0.0;1.0;-1.0;0.18578242107653875;2.0;-2.0;0.18025146689019278;1.0;-1.0;0.19331776540326928;2.0;-2.0;0.1975888116826614;1.0;-1.0;0.1986358019606228;2.0;-2.0;0.19922327361997758;2.0;-2.0;0.19125738396624473;1.0;-1.0;0.1992793474169778;0.0;0.0;0.19885715151431435;1.0;1.0;0.19485458612975393;-2.0;2.0;0.1998770934065529;1.0;1.0;6.1389251030671055
REGN;United States;Biotechnology;Healthcare;0.0;0.0;1.0;-1.0;0.19118782648194416;2.0;-2.0;0.1246940486169321;1.0;-1.0;0.17802227411532245;2.0;-2.0;0.1946353582102728;1.0;-1.0;0.19029464261196696;2.0;-2.0;0.19184236076525663;;;;;;;;;;;;;2.0;2.0;0.1937494622836537;;;5.264425973085348
EPAM;United States;Information Technology Services;Technology;1.0;-2.0;1.0;-1.0;0.19491255961844198;2.0;-2.0;0.17991617770326906;1.0;-1.0;0.19485360158074366;2.0;-2.0;0.19580059775275233;1.0;-1.0;0.19688277452837963;2.0;-2.0;0.19733176378261724;;;;;;;;;;;;;2.0;2.0;0.19933466564080632;;;4.35903214060701
CRL;United States;Diagnostics & Research;Healthcare;1.0;0.0;1.0;-1.0;0.19127867363161483;2.0;-2.0;0.17461860854987427;1.0;-1.0;0.1921950781390336;2.0;-2.0;0.19764177711641048;1.0;-1.0;0.1973177362220941;2.0;-2.0;0.19766780861542488;;;;;;;;;;;;;0.0;2.0;0.19940775409504286;;;4.350127436369495
AMT;United States;REIT - Specialty;Real Estate;-1.0;-2.0;1.0;-1.0;0.1928684987508517;2.0;-2.0;0.16295054484492877;1.0;-1.0;0.18107598347404347;2.0;-2.0;0.19256718413054721;1.0;-1.0;0.197467117005794;2.0;-2.0;0.19753097598889244;2.0;-2.0;0.1869367088607595;1.0;-1.0;0.19917267656434234;;;;1.0;1.0;0.1889699445579224;-2.0;2.0;0.19972894999258464;1.0;1.0;2.8992685841706662
CPRT;United States;Specialty Business Services;Industrials;-1.0;-2.0;1.0;-1.0;0.18519191460367931;2.0;-2.0;0.19188600167644593;1.0;-1.0;0.19920064666786422;2.0;-2.0;0.19856741112526327;1.0;-1.0;0.1990663701018755;2.0;-2.0;0.1999778653104139;;;;;;;;;;;;;2.0;2.0;0.19812329825579159;;;2.3720135077413333
VRTX;United States;Biotechnology;Healthcare;-1.0;-2.0;1.0;-1.0;0.1996366114013173;2.0;-2.0;0.1232523051131601;1.0;-1.0;0.17941440632297467;2.0;-2.0;0.19491027403306557;1.0;-1.0;0.19758793969849248;2.0;-2.0;0.1979495228465211;;;;;;;;;;;;;2.0;2.0;0.19954999799252565;;;2.292301057408057
SPGI;United States;Financial Data & Stock Exchanges;Financial Services;-1.0;-2.0;1.0;-1.0;0.17610719963661142;2.0;-2.0;0.15155071248952223;1.0;-1.0;0.18523441710077243;2.0;-2.0;0.19521293365448883;1.0;-1.0;0.19273745778070683;2.0;-2.0;0.19363325837722545;;;;;;;;;;;;;0.0;2.0;0.1926278986495843;1.0;1.0;2.287103877688912
DPZ;United States;Restaurants;Consumer Cyclical;0.0;-2.0;1.0;-1.0;0.17819668407903705;2.0;2.0;0.17391450125733446;1.0;1.0;0.19301239446739718;2.0;-2.0;0.19680189666696093;1.0;-1.0;0.19864019551308457;-2.0;-2.0;0.19688504550187896;-2.0;-2.0;0.17559493670886075;1.0;-1.0;0.1993023583534159;1.0;-1.0;0.19928438292731943;1.0;1.0;0.19737379632331487;-2.0;2.0;0.19973288300357495;1.0;1.0;2.1087390748021786
AKAM;United States;Software - Infrastructure;Technology;0.0;-2.0;1.0;-1.0;0.19990915285032934;2.0;-2.0;0.1750880134115675;1.0;-1.0;0.19073109394647028;2.0;-2.0;0.1967161431075577;1.0;-1.0;0.19718153609577946;2.0;-2.0;0.19792738815693497;;;;;;;;;;;;;0.0;2.0;0.19902035251249756;;;1.356573680081137
ANSS;United States;Software - Application;Technology;-1.0;-2.0;1.0;1.0;0.19754712695889168;2.0;-2.0;0.18873428331936296;1.0;-1.0;0.19642536375067363;2.0;-2.0;0.19796965837295233;1.0;-1.0;0.19829530164483622;2.0;-2.0;0.19840429010529073;;;;;;;;;;;;;2.0;-2.0;0.15798364359054407;;;0.3353596677425513
MNST;United States;Beverages - Non-Alcoholic;Consumer Defensive;-1.0;-2.0;1.0;-1.0;0.17074721780604135;2.0;-2.0;0.15912824811399834;1.0;-1.0;0.18941081372372912;2.0;-2.0;0.19495062864925536;;;;;;;;;;;;;;;;;;;;;;;;-2.285763091706976
